순번,어장명,정점,위도,위도 변환,경도,경도 변환,어장종류,년도,월,일,기상,수심(m),수온(저),수온(차이),염분(저),Ph(저),DO(저),COD(저),NH4-N(저),NO3-N(저),NO2-N(저),DIN(저),TN(저),DIP(저),TP(저),SIO2-SI(저),CHL-A(저),SS(저),투명도
5,진해만,13,35°00´40˝,35.0111111111111,128°33´39˝,128.560833333333,굴,2022,8,2,맑음,22,18.4,7.8,33.92,7.38,1.01,1.23,0.211,0.026,0.01,0.247,0.318,0.068,1.659,0.071,2.1,9.3,6.5
17,고성자란만,9,34°54´49˝,34.9136111111111,128°19´56˝,128.332222222222,굴,2022,8,2,흐림,7,22.23,2.45,33.58,7.71,1.9,3,0.031,0.014,0.006,0.051,0.177,0.019,0.022,1.013,3.3,3.8,2.5
114,제주,5,33°17´34˝,33.2927777777778,126°50´15˝,126.8375,마을어장,2022,6,10,맑음,1,0,19.3,0,0,0,0,0,0,0,0,0,0,0,0,0,0,0
115,한림,1,33°27´54˝,33.465,126°18´39˝,126.310833333333,마을어장,2022,6,10,맑음,1,0,19.2,0,0,0,0,0,0,0,0,0,0,0,0,0,0,0
130,한림,5,33°16´47˝,33.2797222222222,126°50´32˝,126.842222222222,마을어장,2022,6,9,맑음,1,0,20.9,0,0,0,0,0,0,0,0,0,0,0,0,0,0,0
131,대정,1,33°14´46˝,33.2461111111111,126°11´43˝,126.195277777778,마을어장,2022,6,9,맑음,1,0,20.9,0,0,0,0,0,0,0,0,0,0,0,0,0,0,0
136,서귀포,3,33°26´00˝,33.4333333333333,126°56´36˝,126.943333333333,마을어장,2022,6,9,맑음,1,0,21.3,0,0,0,0,0,0,0,0,0,0,0,0,0,0,0
137,표선,1,33°18´03˝,33.3008333333333,126°50´06˝,126.835,마을어장,2022,6,9,맑음,1,0,19,0,0,0,0,0,0,0,0,0,0,0,0,0,0,0
140,성산,2,33°33´35˝,33.5597222222222,126°48´52˝,126.814444444444,마을어장,2022,6,9,맑음,1,0,19.1,0,0,0,0,0,0,0,0,0,0,0,0,0,0,0
141,조천,1,33°33´35˝,33.5597222222222,126°48´52˝,126.814444444444,마을어장,2022,6,9,맑음,1,0,18.7,0,0,0,0,0,0,0,0,0,0,0,0,0,0,0
221,서귀포,3,33°16´39˝,33.2775,126°41´14˝,126.687222222222,마을,2022,4,20,맑음,1,0,17.7,0,0,0,0,0,0,0,0,0,0,0,0,0,0,0
222,표선,1,33°18´03˝,33.3008333333333,126°50´06˝,126.835,마을,2022,4,20,맑음,1,0,17.4,0,0,0,0,0,0,0,0,0,0,0,0,0,0,0
225,성산,2,33°25´35˝,33.4263888888889,126°55´52˝,126.931111111111,마을,2022,4,20,맑음,1,0,17.1,0,0,0,0,0,0,0,0,0,0,0,0,0,0,0
226,조천,1,33°33´35˝,33.5597222222222,126°48´52˝,126.814444444444,마을,2022,4,20,맑음,1,0,16.2,0,0,0,0,0,0,0,0,0,0,0,0,0,0,0
232,제주,5,33°29´11˝,33.4863888888889,126°25´19˝,126.421944444444,마을,2022,4,19,맑음,1,0,17.4,0,0,0,0,0,0,0,0,0,0,0,0,0,0,0
233,한림,1,33°27´54˝,33.465,126°18´39˝,126.310833333333,마을,2022,4,19,맑음,1,0,16.8,0,0,0,0,0,0,0,0,0,0,0,0,0,0,0
236,한림,5,33°21´31˝,33.3586111111111,126°11´25˝,126.190277777778,마을,2022,4,19,맑음,1,0,15.6,0,0,0,0,0,0,0,0,0,0,0,0,0,0,0
237,대정,1,33°14´46˝,33.2461111111111,126°11´43˝,126.195277777778,마을,2022,4,19,맑음,1,0,17,0,0,0,0,0,0,0,0,0,0,0,0,0,0,0
525,한림,1,33°27´54˝,33.465,126°18´39˝,126.310833333333,마을,2022,2,10,맑음,1,0,13.9,0,0,0,0,0,0,0,0,0,0,0,0,0,0,0
528,한림,5,33°16´47˝,33.2797222222222,126°50´32˝,126.842222222222,마을,2022,2,10,맑음,1,0,12.1,0,0,0,0,0,0,0,0,0,0,0,0,0,0,0
529,대정,1,33°14´46˝,33.2461111111111,126°11´43˝,126.195277777778,마을,2022,2,10,맑음,1,0,14.3,0,0,0,0,0,0,0,0,0,0,0,0,0,0,0
582,제주,5,33°17´34˝,33.2927777777778,126°50´15˝,126.8375,마을,2022,2,9,맑음,1,0,14,0,0,0,0,0,0,0,0,0,0,0,0,0,0,0
587,서귀포,3,33°26´00˝,33.4333333333333,126°56´36˝,126.943333333333,마을,2022,2,9,맑음,1,0,14.7,0,0,0,0,0,0,0,0,0,0,0,0,0,0,0
588,표선,1,33°18´03˝,33.3008333333333,126°50´06˝,126.835,마을,2022,2,9,맑음,1,0,15.7,0,0,0,0,0,0,0,0,0,0,0,0,0,0,0
591,성산,2,33°33´35˝,33.5597222222222,126°48´52˝,126.814444444444,마을,2022,2,9,맑음,1,0,16.2,0,0,0,0,0,0,0,0,0,0,0,0,0,0,0
592,조천,1,33°33´35˝,33.5597222222222,126°48´52˝,126.814444444444,마을,2022,2,9,맑음,1,0,13.5,0,0,0,0,0,0,0,0,0,0,0,0,0,0,0
1061,진해만,8,35°05´20˝,35.0888888888889,128°31´38˝,128.527222222222,굴/미더덕,2021,10,6,맑음,12,22.67,3.08,30.88,7.92,1.89,1.77,0.119,0.041,0.014,0.174,0.363,0.034,0.055,0.755,2.37,3.2,7
1062,진해만,9,35°05´07˝,35.0852777777778,128°28´57˝,128.4825,굴/미더덕,2021,10,6,맑음,12,23.05,2.5,30.67,7.72,1.91,1.43,0.105,0.055,0.021,0.181,0.333,0.033,0.046,0.764,1.1,8.5,7
1064,진해만,12,35°01´44˝,35.0288888888889,128°30´00˝,128.5,굴/미더덕,2021,10,6,맑음,18,22.24,2.08,31.24,7.67,1.75,0.9,0.139,0.069,0.026,0.233,0.356,0.044,0.052,1.007,0.37,4.8,5.5
1065,진해만,13,35°00´40˝,35.0111111111111,128°33´39˝,128.560833333333,굴,2021,10,6,맑음,22,21.32,3.79,31.82,7.8,0.47,1.21,0.24,0.039,0.016,0.295,0.442,0.066,0.082,1.374,0.32,8.9,5.5
1066,진해만,15,34°59´02˝,34.9838888888889,128°27´10˝,128.452777777778,굴,2021,10,6,맑음,16,22.67,2.05,31,7.85,1.84,1.14,0.098,0.096,0.039,0.233,0.362,0.044,0.053,0.958,0.49,8.1,4.5
1067,진해만,18,34°54´18˝,34.905,128°25´57˝,128.4325,굴,2021,10,6,맑음,14,22.56,2.19,31.02,7.81,1.27,1.42,0.19,0.078,0.032,0.301,0.446,0.057,0.07,1.535,0.29,8.7,6
1069,진해만,21,34°56´51˝,34.9475,128°29´45˝,128.495833333333,굴,2021,10,6,맑음,15,22.33,2.35,31.24,8,2.88,1.22,0.138,0.074,0.032,0.244,0.375,0.046,0.055,1.128,0.46,3.3,7
1070,통영,4,34°51´30˝,34.8583333333333,128°25´29˝,128.424722222222,우렁쉥이,2021,10,6,맑음,6,23.95,2.28,31.4,7.93,2.52,2.52,0.008,0.014,0.001,0.023,0.199,0.016,0.023,0.323,4.32,2.6,4
1071,통영,5,34°51´43˝,34.8619444444445,128°23´41˝,128.394722222222,굴/우렁쉥이,2021,10,6,맑음,8,23.74,2.45,31.47,7.86,1.96,2.32,0.008,0.015,0.001,0.024,0.165,0.015,0.021,0.233,10.5,5.8,3.5
1097,진해만,23,34°55´11˝,34.9197222222222,128°33´43˝,128.561944444444,굴/진주담치,2021,10,5,맑음,18,24.2,0.129999999999999,31.27,7.88,2.14,1.27,0.104,0.091,0.046,0.241,0.375,0.049,0.058,1.056,0.2,13.6,6
1098,진해만,25,34°56´53˝,34.9480555555556,128°33´47˝,128.563055555556,굴/진주담치,2021,10,5,맑음,20,20.89,4.11,31.89,7.87,1.84,2.49,0.273,0.019,0.009,0.3,0.507,0.08,0.104,1.43,0.78,14.6,6.5
1099,진해만,26,34°58´37˝,34.9769444444445,128°36´04˝,128.601111111111,굴/진주담치,2021,10,5,맑음,20,21.43,3.52,31.65,7.58,0.42,1.54,0.264,0.023,0.01,0.296,0.492,0.072,0.096,1.435,0.44,13.9,5.5
1100,진해만,27,34°57´53˝,34.9647222222222,128°38´48˝,128.646666666667,굴/진주담치,2021,10,5,맑음,12,22.13,2.36,31.29,7.68,1.1,1.26,0.229,0.042,0.024,0.295,0.426,0.064,0.078,1.5,0.87,9.3,7
1202,섬진강하구,1,34°55´35˝,34.9263888888889,127°47´29˝,127.791388888889,하구,2021,8,9,맑음,13,25.22,1.95,31.52,7.8,2.3,1.26,0.038,0.056,0.024,0.117,0.258,0.036,0.048,0.841,0.71,13,1.5
1203,섬진강하구,2,34°55´50˝,34.9305555555556,127°49´35˝,127.826388888889,하구,2021,8,9,맑음,5,25.2,1.99,31.51,7.83,2.81,1.9,0.035,0.05,0.023,0.109,0.271,0.035,0.046,0.718,1.78,6.8,3
1205,섬진강하구,4,34°49´59˝,34.8330555555556,127°47´34˝,127.792777777778,하구,2021,8,9,"맑음, 바람",20,23.76,3.59,32.09,7.84,2.24,1.21,0.019,0.067,0.027,0.113,0.235,0.041,0.049,0.973,0.68,26,5
1214,마산만,3,35°05´13˝,35.0869444444445,128°37´52˝,128.631111111111,진주담치,2021,8,7,맑음,12,24.58,5.29,30.75,8,2.6,1.75,0.214,0.031,0.022,0.267,0.421,0.042,0.055,0.601,2.04,10,3
1215,마산만,4,35°07´18˝,35.1216666666667,128°36´07˝,128.601944444444,진주담치,2021,8,7,맑음,16,21.47,8.72,32.05,7.74,0.35,1.85,0.394,0.01,0.005,0.408,0.573,0.088,0.099,1.191,0.27,12.7,2.5
1216,진해만,4,35°03´35˝,35.0597222222222,128°38´27˝,128.640833333333,진주담치,2021,8,7,맑음,28,18.67,10.42,33.29,7.74,2.64,0.95,0.106,0.12,0.025,0.25,0.378,0.051,0.062,1.078,0.46,12.7,4.5
1217,진해만,8,35°05´20˝,35.0888888888889,128°31´38˝,128.527222222222,굴/미더덕,2021,8,6,맑음,12,23.71,7.38,31.5,7.74,1.12,2.13,0.051,0.006,0.002,0.059,0.26,0.009,0.033,0.213,2.62,13.9,5.5
1218,진해만,9,35°05´07˝,35.0852777777778,128°28´57˝,128.4825,굴/미더덕,2021,8,6,맑음,12,23.53,7.2,31.38,7.73,0.77,1.86,0.132,0.012,0.004,0.148,0.341,0.017,0.035,0.331,1.57,10.3,3
1219,진해만,11,35°03´12˝,35.0533333333333,128°30´58˝,128.516111111111,굴,2021,8,6,맑음,15,22.04,8,32.14,7.75,0.35,1.86,0.246,0.014,0.009,0.269,0.532,0.058,0.092,1.067,2.29,12.9,6
1220,진해만,12,35°01´44˝,35.0288888888889,128°30´00˝,128.5,굴/미더덕,2021,8,6,맑음,18,19.63,10.49,33.13,7.73,0.38,1.06,0.186,0.045,0.024,0.254,0.442,0.054,0.07,1.043,1.17,15.3,5
1221,진해만,13,35°00´40˝,35.0111111111111,128°33´39˝,128.560833333333,굴,2021,8,6,맑음,22,19.4,11.61,33.02,7.75,0.42,1.05,0.094,0.111,0.033,0.238,0.289,0.043,0.047,0.983,1.15,15.9,8
1222,진해만,15,34°59´02˝,34.9838888888889,128°27´10˝,128.452777777778,굴,2021,8,6,맑음,17,23.21,7.12,31.85,7.71,0.79,2.17,0.037,0.014,0.007,0.058,0.252,0.007,0.03,0.173,2.23,4,6.5
1226,통영,11,34°48´49˝,34.8136111111111,128°22´02˝,128.367222222222,어류,2021,8,6,맑음,11,24.46,5.51,32.32,7.92,1.29,1.6,0.106,0.08,0.015,0.201,0.247,0.036,0.039,1.411,4.92,2.4,4.2
1245,진해만,5,35°00´15˝,35.0041666666667,128°39´56˝,128.665555555556,굴/진주담치,2021,8,5,맑음,9,24.94,5.48,31.22,7.97,2.73,1.93,0.054,0.008,0.004,0.066,0.183,0.014,0.022,0.45,1.27,9.5,4.5
1246,진해만,6,35°01´18˝,35.0216666666667,128°38´00˝,128.633333333333,굴/진주담치,2021,8,5,맑음,21,17.93,12.3,33.5,7.75,2.25,0.85,0.137,0.11,0.022,0.269,0.27,0.045,0.048,1.149,0.31,14.3,6.5
1248,진해만,21,34°56´51˝,34.9475,128°29´45˝,128.495833333333,굴,2021,8,5,맑음,14,22.54,6.3,32.42,7.78,0.66,2.1,0.257,0.01,0.003,0.269,0.564,0.069,0.096,1.191,2.27,5.8,6.5
1249,진해만,22,34°55´06˝,34.9183333333333,128°30´39˝,128.510833333333,굴,2021,8,5,맑음,13,25.06,3.73,31.5,7.8,2.81,1.82,0.017,0.004,0.001,0.023,0.194,0.004,0.023,0.155,2.2,4,6
1250,진해만,23,34°55´11˝,34.9197222222222,128°33´43˝,128.561944444444,굴/진주담치,2021,8,5,맑음,18,21.9,8.81,32.56,7.87,0.4,1.44,0.096,0.013,0.012,0.121,0.33,0.017,0.044,0.375,1.39,22.1,5
1251,진해만,25,34°56´53˝,34.9480555555556,128°33´47˝,128.563055555556,굴/진주담치,2021,8,5,맑음,20,20,9.72,33.16,7.71,0.3,1.31,0.146,0.007,0.009,0.163,0.321,0.039,0.061,0.786,0.84,9.8,4
1252,진해만,26,34°58´37˝,34.9769444444445,128°36´04˝,128.601111111111,굴/진주담치,2021,8,5,맑음,20,19.17,11.92,33.35,7.7,0.45,2.21,0.199,0.003,0.003,0.205,0.451,0.044,0.084,1.066,0.88,7.9,5.5
1253,진해만,27,34°57´53˝,34.9647222222222,128°38´48˝,128.646666666667,굴/진주담치,2021,8,5,맑음,12,24.61,5.72,31.38,7.84,2.57,1.46,0.106,0.02,0.007,0.133,0.191,0.024,0.024,0.601,0.58,2.9,4
1290,통영외안,12,34°49´52˝,34.8311111111111,128°03´07˝,128.051944444444,진주담치,2021,8,4,맑음,12,22.65,6.61,32.65,7.72,1.46,1.28,0.008,0.017,0.002,0.027,0.221,0.01,0.035,0.11,2.27,2.8,2.3
1291,통영외안,13,34°43´36˝,34.7266666666667,128°02´51˝,128.0475,어류,2021,8,4,맑음,18,20.81,7.39,33.25,7.72,1.64,1.04,0.005,0.013,0.002,0.02,0.265,0.006,0.05,0.359,1.35,2.6,7
1293,사천,4,34°54´04˝,34.9011111111111,128°01´50˝,128.030555555556,굴,2021,8,4,맑음,23,22.18,6.67,32.77,7.8,2.46,1.04,0.007,0.011,0.002,0.02,0.261,0.005,0.047,0.267,1.25,8.8,3
1297,진주만,4,34°57´39˝,34.9608333333333,127°54´47˝,127.913055555556,피조개,2021,8,4,맑음,9,27.48,4.36,30.78,7.77,2.85,0.92,0.004,0.133,0.003,0.14,0.283,0.026,0.038,0.716,8,3.8,2.8
1329,거제도남안,8,34°49´29˝,34.8247222222222,128°33´54˝,128.565,굴,2021,8,3,맑음,7,25.33,5.32,32.58,7.56,1.23,1.88,0.069,0.019,0.003,0.091,0.167,0.035,0.042,0.575,6.79,4,5.5
1330,통영,1,34°50´27˝,34.8408333333333,128°29´35˝,128.493055555556,어류,2021,8,3,맑음,15,22.26,6.6,32.78,7.81,2.06,0.8,0.005,0.008,0.002,0.015,0.297,0.003,0.051,0.073,1.47,3.6,5
1331,통영,3,34°48´00˝,34.8,128°28´24˝,128.473333333333,굴,2021,8,3,맑음,9,24.53,5.02,32.29,7.75,1.77,1.36,0.005,0.011,0.002,0.018,0.227,0.005,0.036,0.03,4.79,3.8,4.9
1353,고성자란만,1,34°53´21˝,34.8891666666667,128°13´30˝,128.225,굴,2021,8,2,맑음,9,24.92,3.84,31.9,7.82,2.21,1.52,0.084,0.009,0.004,0.097,0.145,0.001,0.014,0.321,3.9,6.2,9
1357,고성자란만,5,34°54´52˝,34.9144444444444,128°13´49˝,128.230277777778,굴,2021,8,2,맑음,8,25.87,4.52,31.68,7.59,0.23,2.08,0.083,0.005,0.013,0.101,0.17,0.003,0.018,0.045,3.31,2.6,7
1359,고성자란만,7,34°55´19˝,34.9219444444444,128°15´21˝,128.255833333333,굴,2021,8,2,맑음,9,25.45,4.98,31.77,7.85,2.92,2,0.006,0.019,0.002,0.027,0.188,0.001,0.021,0.17,4.06,2.6,8.5
1362,통영외안,6,34°51´07˝,34.8519444444445,128°17´28˝,128.291111111111,굴,2021,8,2,맑음,12,23.01,6.02,32.55,7.81,2.28,1.08,0.006,0.019,0.002,0.027,0.211,0.008,0.032,0.157,4.39,5.4,8
1426,진해만,8,35°05´20˝,35.0888888888889,128°31´38˝,128.527222222222,굴/미더덕,2021,6,10,맑음,12,17.29,5.32,33.57,7.94,0.97,1.81,0.005,0,0.001,0.006,0.183,0.003,0.023,0.561,2.76,5.7,5.5
1427,진해만,9,35°05´07˝,35.0852777777778,128°28´57˝,128.4825,굴/미더덕,2021,6,10,맑음,12,16.86,6.48,33.62,7.87,1.71,1.61,0.054,0.002,0.003,0.059,0.321,0.019,0.056,0.804,3.73,6.3,3.5
1431,진해만,15,34°59´02˝,34.9838888888889,128°27´10˝,128.452777777778,굴,2021,6,10,맑음,17,16.21,5.84,33.72,7.91,2.14,1.01,0.064,0.031,0.017,0.111,0.316,0.024,0.044,1.039,1.84,7,4.5
1432,진해만,18,34°54´18˝,34.905,128°25´57˝,128.4325,굴,2021,6,10,맑음,12,18.05,3.74,33.44,7.94,2.82,2.07,0.004,0.001,0,0.006,0.229,0.003,0.026,0.274,1.42,8.4,4
1433,진해만,20,34°56´16˝,34.9377777777778,128°28´03˝,128.4675,굴,2021,6,10,맑음,16,16.12,5.36,33.59,7.9,1.97,1.23,0.04,0.009,0.011,0.06,0.278,0.017,0.045,1.005,2.25,4,4.5
1461,진해만,21,34°56´51˝,34.9475,128°29´45˝,128.495833333333,굴,2021,6,9,맑음,14,16.32,4.91,33.55,7.9,0.82,1.52,0.038,0.005,0.005,0.048,0.214,0.018,0.038,0.73,2.95,7.6,4
1462,진해만,22,34°55´06˝,34.9183333333333,128°30´39˝,128.510833333333,굴,2021,6,9,맑음,12,16.48,4,33.56,7.95,2.56,1.36,0.02,0.003,0.004,0.027,0.183,0.014,0.026,0.639,2.97,7,3.5
1463,진해만,23,34°55´11˝,34.9197222222222,128°33´43˝,128.561944444444,굴/진주담치,2021,6,9,맑음,18,15.74,6.03,33.84,7.91,1.96,1.09,0.091,0.014,0.011,0.116,0.287,0.026,0.044,1.146,0.82,2.8,4
1557,통영,4,34°51´30˝,34.8583333333333,128°25´29˝,128.424722222222,우렁쉥이,2021,6,2,흐림,6,18.58,4.49,34.4,7.67,2.8,2.24,0.002,0.007,0,0.009,0.22,0.003,0.036,0.499,8.76,4.2,2.5
2619,진해만,13,35°00´40˝,35.0111111111111,128°33´39˝,128.560833333333,굴,2020,10,7,맑음,23,19.86,0.940000000000001,32.45,7.86,0.54,1.76,0.29,0.022,0.003,0.315,0.479,0.085,0.495,1.462,0.27,4.6,3.5
2622,진해만,23,34°55´11˝,34.9197222222222,128°33´43˝,128.561944444444,굴/진주담치,2020,10,7,맑음,20,20.36,0.560000000000002,32.17,7.91,0.67,1.33,0.125,0.029,0.01,0.165,0.375,0.04,0.399,0.857,0.78,3.6,6
2623,진해만,25,34°56´53˝,34.9480555555556,128°33´47˝,128.563055555556,굴/진주담치,2020,10,7,맑음,22,19.77,1.1,32.46,7.86,0.48,1.74,0.294,0.02,0.012,0.326,0.358,0.078,0.38,1.782,0.55,8.2,5
2624,진해만,26,34°58´37˝,34.9769444444445,128°36´04˝,128.601111111111,굴/진주담치,2020,10,7,맑음,21,19.65,1.34,32.54,7.8,0.56,1.82,0.299,0.002,0.002,0.303,0.411,0.072,0.438,1.42,0.57,7.9,5
2625,진해만,27,34°57´53˝,34.9647222222222,128°38´48˝,128.646666666667,굴/진주담치,2020,10,7,맑음,14,20.79,0.27,31.72,7.91,1.85,1.09,0.089,0.019,0.011,0.12,0.209,0.031,0.222,0.625,1.13,9.8,4
2628,진해만,9,35°05´07˝,35.0852777777778,128°28´57˝,128.4825,굴/미더덕,2020,10,6,맑음,14,20.83,0,31.79,7.92,2.54,2,0.108,0.032,0.014,0.154,0.265,0.036,0.27,0.774,1.87,6.4,3
2629,진해만,11,35°03´12˝,35.0533333333333,128°30´58˝,128.516111111111,굴,2020,10,6,맑음,17,20.65,0.710000000000001,31.96,7.8,2.67,1.28,0.12,0.022,0.01,0.152,0.259,0.037,0.264,0.705,1.48,16.5,3.5
2631,진해만,14,34°59´57˝,34.9991666666667,128°29´38˝,128.493888888889,굴,2020,10,6,맑음,21,20.04,1.52,32.27,7.83,0.44,2.07,0.069,0.055,0.021,0.145,0.287,0.036,0.298,0.538,3.34,9.1,3.5
2632,진해만,15,34°59´02˝,34.9838888888889,128°27´10˝,128.452777777778,굴,2020,10,6,맑음,17,20.58,1.06,31.97,7.87,1.29,1.39,0.184,0.05,0.03,0.264,0.369,0.054,0.385,1.424,0.86,12.6,4
2633,진해만,16,34°57´01˝,34.9502777777778,128°26´44˝,128.445555555556,굴,2020,10,6,맑음,17,20.72,0.75,31.88,7.89,0.56,1.94,0.144,0.023,0.011,0.178,0.325,0.045,0.341,0.98,1.9,8.8,4
2634,진해만,17,34°54´52˝,34.9144444444444,128°27´24˝,128.456666666667,굴,2020,10,6,맑음,13,21.05,0.279999999999998,31.66,7.95,1.29,2.36,0.016,0.006,0.001,0.024,0.174,0.014,0.184,0.167,4.2,7.1,6
2635,진해만,18,34°54´18˝,34.905,128°25´57˝,128.4325,굴,2020,10,6,맑음,12,21.45,0.0399999999999992,31.49,7.99,2.91,1.9,0.031,0.005,0.002,0.038,0.15,0.016,0.16,0.388,3.17,10.9,6.5
2636,진해만,20,34°56´16˝,34.9377777777778,128°28´03˝,128.4675,굴,2020,10,6,맑음,16,20.91,0.719999999999999,31.8,7.85,0.58,1.88,0.212,0.02,0.01,0.242,0.349,0.057,0.371,1.358,3.23,11.3,7
2671,영일만,2,35°03´56˝,35.0655555555556,129°30´46˝,129.512777777778,마을,2020,8,16,맑음,28,14.94,7.16,34.04,7.93,2.82,0.9,0.049,0.121,0.012,0.182,0.349,0.035,0.06,0.96,5.02,6.6,4
2672,영일만,2,36°03´56˝,36.0655555555556,129°30´46˝,129.512777777778,마을,2020,8,16,맑음,28,14.94,7.16,34.04,7.93,2.82,0.9,0.049,0.121,0.012,0.182,0.349,0.035,0.06,0.96,5.02,6.6,4
2745,마산만,2,35°08´14˝,35.1372222222222,128°40´48˝,128.68,진주담치,2020,8,8,비,7,22.56,2.8,27.55,7.89,1.12,3.4,0.126,0.024,0.003,0.154,0.36,0.009,0.032,0.47,7.24,7.4,1
2769,진해만,8,35°05´20˝,35.0888888888889,128°31´38˝,128.527222222222,굴/미더덕,2020,8,7,흐림,13,18.65,8.31,32.19,7.56,0.42,2.1,0.227,0.035,0.01,0.271,0.505,0.055,0.073,1.046,0.56,11.3,2
2770,진해만,9,35°05´07˝,35.0852777777778,128°28´57˝,128.4825,굴/미더덕,2020,8,7,흐림,11,18.82,7.81,32.46,7.54,0.4,3.35,0.509,0.002,0.001,0.512,0.613,0.103,0.11,1.609,0.71,12.7,1.5
2771,진해만,11,35°03´12˝,35.0533333333333,128°30´58˝,128.516111111111,굴,2020,8,7,흐림,16,17.42,8.92,32.72,7.65,1,1.8,0.175,0.113,0.025,0.313,0.462,0.062,0.074,1.438,0.26,6.7,2
2772,진해만,12,35°01´44˝,35.0288888888889,128°30´00˝,128.5,굴/미더덕,2020,8,7,흐림,19,17.22,6.74,32.98,7.59,0.62,1.61,0.165,0.107,0.02,0.292,0.448,0.061,0.072,1.466,0.12,10.2,1.5
2773,진해만,14,34°59´57˝,34.9991666666667,128°29´38˝,128.493888888889,굴,2020,8,7,비,21,17.25,6.44,32.97,7.57,1.08,0.62,0.149,0.119,0.022,0.291,0.377,0.059,0.061,1.4,0.14,11.8,2
2774,진해만,15,34°59´02˝,34.9838888888889,128°27´10˝,128.452777777778,굴,2020,8,7,흐림,18,17.78,6.59,33.03,7.57,0.48,2.08,0.44,0.002,0,0.442,0.611,0.096,0.108,1.846,0.29,10,2.5
2775,진해만,16,34°57´01˝,34.9502777777778,128°26´44˝,128.445555555556,굴,2020,8,7,흐림,17,18.39,5.43,33.06,7.45,0.41,1.89,0.35,0.001,0,0.352,0.518,0.078,0.092,1.435,0.2,14.5,2
2776,진해만,17,34°54´52˝,34.9144444444444,128°27´24˝,128.456666666667,굴,2020,8,7,흐림,14,19.65,3.93,32.67,7.4,0.54,1.46,0.245,0.002,0.001,0.248,0.429,0.057,0.073,1.299,0.22,4.2,4.5
2777,진해만,18,34°54´18˝,34.905,128°25´57˝,128.4325,굴,2020,8,7,흐림,12,20,2.42,32.61,7.47,0.55,1.6,0.204,0.002,0.001,0.206,0.312,0.049,0.051,1.059,0.22,6.7,3.5
2778,진해만,20,34°56´16˝,34.9377777777778,128°28´03˝,128.4675,굴,2020,8,7,흐림,17,18.34,5.07,33.15,7.42,0.44,1.81,0.245,0.001,0,0.246,0.368,0.061,0.07,1.208,0.13,13.6,4
2810,거제도남안,1,34°50´20˝,34.8388888888889,128°34´35˝,128.576388888889,굴,2020,8,6,흐림/바람,7,19.77,7,32.15,7.43,0.57,1.71,0.061,0.007,0.004,0.071,0.213,0.003,0.018,0.151,2.92,3.6,7.5
2818,진해만,5,35°00´15˝,35.0041666666667,128°39´56˝,128.665555555556,굴/진주담치,2020,8,5,맑음,10,19.25,6.06,31.56,7.58,1.85,2.05,0.026,0.157,0.015,0.197,0.323,0.036,0.042,0.828,0.23,12.3,2
2820,진해만,13,35°00´40˝,35.0111111111111,128°33´39˝,128.560833333333,굴,2020,8,5,맑음,22,16.85,9.8,33.02,7.44,2.18,0.54,0.072,0.158,0.026,0.256,0.374,0.047,0.053,1.149,0.11,19.8,2.5
2821,진해만,21,34°56´51˝,34.9475,128°29´45˝,128.495833333333,굴,2020,8,5,맑음,14,19.67,6.3,32.68,7.56,0.72,1.98,0.044,0.013,0.005,0.062,0.167,0.019,0.023,0.404,2.01,8.4,3
2822,진해만,22,34°55´06˝,34.9183333333333,128°30´39˝,128.510833333333,굴,2020,8,5,맑음,12,20.91,4.54,31.61,7.56,0.54,1.46,0.062,0.009,0.007,0.078,0.177,0.022,0.027,0.435,0.68,18.3,2.5
2823,진해만,23,34°55´11˝,34.9197222222222,128°33´43˝,128.561944444444,굴/진주담치,2020,8,5,맑음,19,18.03,6.99,32.79,7.48,0.54,2.05,0.253,0.002,0.001,0.256,0.275,0.062,0.064,1.343,0.17,16.6,1.5
2824,진해만,25,34°56´53˝,34.9480555555556,128°33´47˝,128.563055555556,굴/진주담치,2020,8,5,맑음,20,17.38,7.83,33.2,7.42,0.56,1.3,0.161,0.005,0.004,0.17,0.359,0.048,0.073,1.059,0.13,23,1.5
2825,진해만,26,34°58´37˝,34.9769444444445,128°36´04˝,128.601111111111,굴/진주담치,2020,8,5,맑음,21,16.7,9.77,33.21,7.4,1.36,1.34,0.199,0.064,0.014,0.277,0.426,0.059,0.071,1.414,0.12,23.6,1.5
2826,진해만,27,34°57´53˝,34.9647222222222,128°38´48˝,128.646666666667,굴/진주담치,2020,8,5,맑음,14,18.65,5.88,32.68,7.43,0.48,1.24,0.13,0.024,0.01,0.165,0.385,0.027,0.044,0.695,0.32,5.5,2.5
2828,통영,4,34°51´30˝,34.8583333333333,128°25´29˝,128.424722222222,우렁쉥이,2020,8,5,흐림/구름,5,20.38,5.46,32.48,7.32,0.17,2.68,0.134,0.027,0.01,0.17,0.313,0.008,0.022,0.904,9.01,6.6,1.5
2829,통영,5,34°51´43˝,34.8619444444445,128°23´41˝,128.394722222222,굴/우렁쉥이,2020,8,5,흐림/구름,7,19.84,6.66,32.72,7.53,1.7,1.84,0.106,0.046,0.015,0.167,0.303,0.009,0.029,0.628,7.92,3.4,2.3
2832,고성자란만,1,34°53´21˝,34.8891666666667,128°13´30˝,128.225,굴,2020,8,5,흐림/구름/바람,10,19.69,5.32,32.75,7.65,2.5,1.47,0.007,0.003,0.004,0.015,0.136,0.008,0.02,0.568,2.6,6.2,5.5
2839,고성자란만,8,34°55´33˝,34.9258333333333,128°18´14˝,128.303888888889,굴,2020,8,5,맑음/구름/바람,4,22.14,5.72,31.38,7.65,2.57,1.63,0.006,0.082,0.009,0.097,0.194,0.003,0.01,0.518,3.43,5.4,2.5
2840,고성자란만,9,34°54´49˝,34.9136111111111,128°19´56˝,128.332222222222,굴,2020,8,5,맑음/구름/바람,5,21.58,5.49,31.79,7.61,2.88,2.12,0.043,0.052,0.019,0.113,0.188,0.007,0.017,0.53,3.31,3.6,4.5
2865,통영외안,12,34°49´52˝,34.8311111111111,128°03´07˝,128.051944444444,진주담치,2020,8,4,안개/흐림/바람,11,18.24,5.8,33.46,7.67,2.55,1.31,0.023,0.028,0.036,0.086,0.203,0.027,0.035,1.315,0.68,7,2.5
2897,가막만,1,34°43´39˝,34.7275,127°40´04˝,127.667777777778,진주담치,2020,8,3,흐림,7,22.72,5.58,30.82,8.1,0.58,2.46,0.119,0.017,0.01,0.145,0.303,0.025,0.043,0.063,10.32,6.8,1.4
2916,통영,4,34°51´30˝,34.8583333333333,128°25´29˝,128.424722222222,우렁쉥이,2020,6,27,맑음,7,17.43,3.53,33.91,7.57,2.19,1.9,0.001,0.001,0.002,0.004,0.23,0.008,0.025,1.293,6.79,5.4,3
3079,진해만,8,35°05´20˝,35.0888888888889,128°31´38˝,128.527222222222,굴/미더덕,2020,6,4,맑음,12,17.24,5.17,33.3,7.53,2.74,1.62,0.007,0.001,0,0.008,0.204,0.003,0.028,0.722,2.06,5.5,4.5
3082,진해만,12,35°01´44˝,35.0288888888889,128°30´00˝,128.5,굴/미더덕,2020,6,4,맑음,18,16.34,4.33,33.42,7.37,2.7,0.78,0.006,0,0.001,0.007,0.109,0.007,0.012,0.626,1.19,5,5
3086,진해만,16,34°57´01˝,34.9502777777778,128°26´44˝,128.445555555556,굴,2020,6,4,맑음,17,15.72,3.53,33.31,7.64,1.72,1.26,0.013,0.001,0.001,0.015,0.151,0.015,0.025,1.083,1.24,3.7,5.5
3087,진해만,17,34°54´52˝,34.9144444444444,128°27´24˝,128.456666666667,굴,2020,6,4,맑음,14,16.15,4.14,33.25,7.32,1.54,1.72,0.004,0.001,0,0.006,0.169,0.004,0.023,0.496,2.1,7.8,4
3088,진해만,18,34°54´18˝,34.905,128°25´57˝,128.4325,굴,2020,6,4,맑음,13,16.24,2.88,33.25,7.38,2.26,1.61,0.032,0.002,0,0.035,0.182,0.014,0.034,0.89,0.61,6.4,4
3089,진해만,20,34°56´16˝,34.9377777777778,128°28´03˝,128.4675,굴,2020,6,4,맑음,16,15.27,5.27,33.31,7.5,0.86,1.12,0.031,0.002,0.001,0.034,0.177,0.019,0.034,1.124,1.62,6.3,5
3114,진해만,22,34°55´06˝,34.9183333333333,128°30´39˝,128.510833333333,굴,2020,6,3,맑음,15,16.37,4.46,33.38,7.59,2.33,0.97,0.015,0.006,0.001,0.022,0.156,0.014,0.024,0.726,2.2,13.8,7.5
3115,진해만,23,34°55´11˝,34.9197222222222,128°33´43˝,128.561944444444,굴/진주담치,2020,6,3,흐림,18,15.8,4.85,33.3,7.7,2.68,1.12,0.007,0.001,0,0.008,0.168,0.008,0.022,0.75,0.93,7.8,4.5
3116,진해만,25,34°56´53˝,34.9480555555556,128°33´47˝,128.563055555556,굴/진주담치,2020,6,3,맑음,22,15.08,5.3,33.44,7.39,2.23,1.37,0.008,0.002,0,0.01,0.131,0.011,0.02,1.04,1.32,9.8,5.5
3117,진해만,26,34°58´37˝,34.9769444444445,128°36´04˝,128.601111111111,굴/진주담치,2020,6,3,맑음,20,14.86,5.72,33.48,7.6,2.43,1.05,0.021,0.002,0.002,0.025,0.187,0.02,0.032,1.249,1.19,7.2,7.5
4129,진해만,14,34°59´57˝,34.9991666666667,128°29´38˝,128.493888888889,굴,2019,10,22,맑음,22,21.25,0.670000000000002,31.6,7.43,0.94,0.86,0.016,0.268,0.019,0.303,0.425,0.055,0.063,1.66,0.22,11.1,3.5
4130,진해만,15,34°59´02˝,34.9838888888889,128°27´10˝,128.452777777778,굴,2019,10,22,맑음,16,22.04,0.390000000000001,30.97,7.78,1.02,1.11,0.034,0.181,0.04,0.255,0.264,0.049,0.052,1.294,0.57,2.2,1.5
4131,진해만,16,34°57´01˝,34.9502777777778,128°26´44˝,128.445555555556,굴,2019,10,22,맑음,18,21.88,1.8,31.02,7.94,2.25,1,0.012,0.248,0.021,0.281,0.399,0.052,0.055,1.285,0.35,4.2,3.5
4132,진해만,17,34°54´52˝,34.9144444444444,128°27´24˝,128.456666666667,굴,2019,10,22,맑음,14,22.58,2.99,31.03,7.79,0.63,1.88,0.322,0.017,0.011,0.349,0.536,0.082,0.098,2.127,0.65,7.7,4
4133,진해만,18,34°54´18˝,34.905,128°25´57˝,128.4325,굴,2019,10,22,맑음,10,22.96,2.83,30.19,7.77,0.94,1.38,0.161,0.032,0.063,0.256,0.381,0.04,0.052,1.015,5.36,7.2,3.5
4134,진해만,20,34°56´16˝,34.9377777777778,128°28´03˝,128.4675,굴,2019,10,22,맑음,16,21.94,1.84,30.96,7.72,1.32,0.7,0.015,0.191,0.062,0.268,0.269,0.043,0.053,1.156,0.88,6.8,3.5
4154,진해만,21,34°55´06˝,34.9183333333333,128°30´39˝,128.510833333333,굴,2019,10,21,맑음,15,22.11,1.52,30.76,7.8,1.11,0.94,0.177,0.082,0.085,0.345,0.478,0.066,0.071,1.607,1.09,3,4
4156,진해만,23,34°55´11˝,34.9197222222222,128°33´43˝,128.561944444444,굴/진주담치,2019,10,21,맑음,19,21.51,0.300000000000001,31.44,7.7,0.9,0.86,0.036,0.227,0.061,0.324,0.456,0.059,0.065,1.609,0.36,2.5,2
4157,진해만,25,34°56´53˝,34.9480555555556,128°33´47˝,128.563055555556,굴/진주담치,2019,10,21,맑음,21,21.18,0.140000000000001,31.62,7.58,0.87,1.3,0.015,0.286,0.012,0.313,0.393,0.054,0.056,1.459,0.18,4.1,4
4158,진해만,26,34°58´37˝,34.9769444444445,128°36´04˝,128.601111111111,굴/진주담치,2019,10,21,맑음,21,21.27,0.109999999999999,31.54,7.74,0.91,1.72,0.032,0.273,0.039,0.344,0.397,0.061,0.062,1.821,0.26,6.3,4
4159,진해만,27,34°57´53˝,34.9647222222222,128°38´48˝,128.646666666667,굴/진주담치,2019,10,21,맑음,14,21.65,0.279999999999998,30.96,7.8,2.5,1.41,0.057,0.145,0.075,0.277,0.355,0.048,0.052,1.336,0.48,4.3,3
4424,진해만,6,35°01´18˝,35.0216666666667,128°38´00˝,128.633333333333,굴/진주담치,2019,8,9,맑음,25,18.27,8.52,33.31,7.67,2.64,0.71,0.058,0.16,0.024,0.243,0.358,0.051,0.06,1.064,1.34,8.2,5
4425,진해만,13,35°00´40˝,35.0111111111111,128°33´39˝,128.560833333333,굴,2019,8,9,맑음,22,17.16,8.86,33.68,7.65,1.94,0.71,0.033,0.215,0.015,0.263,0.4,0.055,0.066,1.247,1.2,6.1,4
4426,진해만,21,34°55´06˝,34.9183333333333,128°30´39˝,128.510833333333,굴,2019,8,9,맑음,15,20.41,6.32,32.92,7.77,1.72,1.33,0.088,0.059,0.021,0.168,0.332,0.05,0.071,0.758,0.57,5,6
4427,진해만,22,34°56´51˝,34.9475,128°29´45˝,128.495833333333,굴,2019,8,9,맑음,13,20.93,6.91,32.87,7.76,2.15,1.41,0.08,0.043,0.014,0.138,0.299,0.041,0.06,0.676,6.06,5.2,5
4428,진해만,23,34°55´11˝,34.9197222222222,128°33´43˝,128.561944444444,굴/진주담치,2019,8,9,맑음,18,19.13,7,33.19,7.77,1.2,1.15,0.1,0.096,0.022,0.218,0.385,0.056,0.075,0.941,1.36,1.4,7
4429,진해만,25,34°56´53˝,34.9480555555556,128°33´47˝,128.563055555556,굴/진주담치,2019,8,9,맑음,22,17.44,10.5,33.63,7.77,0.77,0.83,0.13,0.117,0.041,0.288,0.439,0.071,0.093,1.54,0.86,5.9,6
4430,진해만,26,34°58´37˝,34.9769444444445,128°36´04˝,128.601111111111,굴/진주담치,2019,8,9,맑음,21,17.55,9.84,33.38,7.76,2.39,1.61,0.077,0.178,0.023,0.279,0.442,0.059,0.089,1.177,0.85,18,7
4431,진해만,27,34°57´53˝,34.9647222222222,128°38´48˝,128.646666666667,굴/진주담치,2019,8,9,맑음,14,19.87,7.2,32.95,7.76,2.48,1.09,0.055,0.084,0.016,0.155,0.336,0.037,0.054,0.755,2.08,6.6,4
4449,진해만,8,35°05´20˝,35.0888888888889,128°31´38˝,128.527222222222,굴/미더덕,2019,8,8,맑음,13,20.06,5.7,32.79,7.76,0.64,2.34,0.211,0.01,0.002,0.224,0.391,0.07,0.087,1.05,2.69,10.9,8
4451,진해만,11,35°03´12˝,35.0533333333333,128°30´58˝,128.516111111111,굴,2019,8,8,맑음,17,19.85,6.32,31.88,7.58,2.96,0.84,0.071,0.097,0.023,0.191,0.327,0.039,0.049,0.89,1.73,7.6,9.5
4452,진해만,12,35°01´44˝,35.0288888888889,128°30´00˝,128.5,굴/미더덕,2019,8,8,맑음,19,19.25,7.68,32.95,7.81,2.24,0.95,0.109,0.093,0.029,0.231,0.382,0.051,0.064,1.044,1.55,7.7,8.5
4453,진해만,14,34°59´57˝,34.9991666666667,128°29´38˝,128.493888888889,굴,2019,8,8,맑음,22,17.57,10.07,33.57,7.65,1.44,1.16,0.038,0.208,0.015,0.261,0.472,0.057,0.083,1.294,2.31,8.5,12.5
4455,진해만,16,34°57´01˝,34.9502777777778,128°26´44˝,128.445555555556,굴,2019,8,8,맑음,18,19.29,9.46,33.09,7.74,1.86,0.97,0.059,0.105,0.034,0.198,0.368,0.049,0.065,0.813,4.54,67.7,8.5
4456,진해만,17,34°54´52˝,34.9144444444444,128°27´24˝,128.456666666667,굴,2019,8,8,맑음,14,20.52,8.21,32.89,7.75,2.05,1.35,0.089,0.02,0.009,0.117,0.301,0.043,0.066,0.609,1.87,7.9,5
4457,진해만,18,34°54´18˝,34.905,128°25´57˝,128.4325,굴,2019,8,8,맑음,11,21.38,7.49,32.77,7.8,2.52,1.45,0.069,0.006,0.002,0.077,0.259,0.034,0.051,0.482,2.81,4.2,6.5
4458,진해만,20,34°56´16˝,34.9377777777778,128°28´03˝,128.4675,굴,2019,8,8,맑음,16,19.8,7.8,32.97,7.78,1.4,1.5,0.031,0.065,0.019,0.114,0.275,0.034,0.057,0.47,5.7,10.3,9
4523,통영,4,34°51´30˝,34.8583333333333,128°25´29˝,128.424722222222,우렁쉥이,2019,8,5,맑음,5,20.63,6.57,32.95,7.61,0.88,3.23,0.178,0.012,0.005,0.195,0.282,0.102,0.142,1.576,6.93,3.8,1.5
4524,통영,5,34°51´43˝,34.8619444444445,128°23´41˝,128.394722222222,굴/우렁쉥이,2019,8,5,맑음,8,20.07,7.76,33.07,7.76,2.53,1.96,0.081,0.342,0.025,0.448,0.548,0.058,0.068,1.016,1.64,3,2
4531,고성자란만,4,34°55´55˝,34.9319444444444,128°19´11˝,128.319722222222,굴,2019,8,5,맑음,5,22.74,8.05,32.17,7.71,2.59,2.2,0.025,0.022,0.027,0.074,0.129,0.03,0.047,0.913,4.66,6,1.5
4543,가막만,1,34°43´39˝,34.7275,127°40´04˝,127.667777777778,진주담치,2019,8,5,구름조금,8,24.83,5.84,31.76,7.76,1.6,3.52,0.082,0.017,0.001,0.1,0.273,0.03,0.054,0.361,7.74,9.6,2
4709,진해만,8,35°05´20˝,35.0888888888889,128°31´38˝,128.527222222222,굴/미더덕,2019,6,11,맑음,13,18.16,3.93,33.48,7.66,2.81,1.02,0.008,0.001,0,0.009,0.206,0.005,0.024,0.867,3.99,8,6
4710,진해만,9,35°05´07˝,35.0852777777778,128°28´57˝,128.4825,굴/미더덕,2019,6,11,맑음,12,17.95,4.05,33.49,7.66,2.83,0.52,0.033,0.004,0.004,0.041,0.187,0.014,0.031,0.912,2.27,6.4,4
4713,진해만,14,34°59´57˝,34.9991666666667,128°29´38˝,128.493888888889,굴,2019,6,11,맑음,22,16.01,4.77,33.7,7.67,2.95,0.75,0.046,0.052,0.031,0.129,0.28,0.033,0.045,1.272,0.64,6.6,6.5
4714,진해만,15,34°59´02˝,34.9838888888889,128°27´10˝,128.452777777778,굴,2019,6,11,맑음,16,16.62,5.39,33.57,7.63,2.3,0.91,0.082,0.021,0.009,0.112,0.277,0.036,0.05,1.566,0.95,6.9,5.5
4715,진해만,16,34°57´01˝,34.9502777777778,128°26´44˝,128.445555555556,굴,2019,6,11,맑음,18,16.11,5.59,33.51,7.6,2.07,1.03,0.012,0.002,0.001,0.014,0.187,0.009,0.024,0.868,0.88,25.6,8
4718,진해만,20,34°56´16˝,34.9377777777778,128°28´03˝,128.4675,굴,2019,6,11,맑음,16,16.91,4.35,33.41,7.61,2.34,0.67,0.027,0.002,0.001,0.03,0.161,0.008,0.025,0.667,2.37,5.9,6
4738,진해만,21,34°55´06˝,34.9183333333333,128°30´39˝,128.510833333333,굴,2019,6,10,맑음,15,17.16,4.06,33.53,7.58,1.99,0.75,0.06,0.013,0.004,0.077,0.24,0.021,0.037,0.86,2.42,7,8
4740,진해만,23,34°55´11˝,34.9197222222222,128°33´43˝,128.561944444444,굴/진주담치,2019,6,10,맑음,19,15.94,4.26,33.64,7.6,2.51,1.56,0.02,0.006,0.003,0.028,0.214,0.017,0.036,0.881,0.92,9.2,7
4839,통영,4,34°51´30˝,34.8583333333333,128°25´29˝,128.424722222222,우렁쉥이,2019,6,4,맑음,5,18.77,4.5,33.85,7.93,1.74,2.63,0.004,0.004,0,0.008,0.281,0.003,0.044,0.67,18.61,5.6,3
5821,진해만,23,34°55´11˝,34.9197222222222,128°33´43˝,128.561944444444,굴/진주담치,2018,10,7,맑음,19,21.17,0.43,32.34,7.5,0.6,0.73,0.047,0.057,0.026,0.131,0.317,0.02,0.048,0.481,1.92,6.2,6
5823,진해만,25,34°56´53˝,34.9480555555556,128°33´47˝,128.563055555556,굴/진주담치,2018,10,7,맑음,24,20.2,1.65,32.72,7.5,0.45,1.11,0.256,0.002,0.002,0.26,0.389,0.083,0.103,1.992,0.72,3.2,7.5
5824,진해만,26,34°58´37˝,34.9769444444445,128°36´04˝,128.601111111111,굴/진주담치,2018,10,7,맑음,21,20.25,1.28,32.74,7.54,0.63,0.83,0.188,0.015,0.017,0.22,0.333,0.076,0.08,1.92,1.17,4.1,9
5832,진해만,13,35°00´40˝,35.0111111111111,128°33´39˝,128.560833333333,굴,2018,10,6,맑음,22,20.73,0.57,32.15,7.39,0.52,0.79,0.197,0.014,0.009,0.219,0.406,0.071,0.107,1.735,0.52,5.1,5
5833,진해만,14,34°59´57˝,34.9991666666667,128°29´38˝,128.493888888889,굴,2018,10,6,맑음,23,20.61,0.82,32.53,7.42,0.54,1.01,0.172,0.062,0.027,0.261,0.394,0.071,0.081,1.805,0.64,4.1,6
5834,진해만,15,34°59´02˝,34.9838888888889,128°27´10˝,128.452777777778,굴,2018,10,6,맑음,17,21.32,0.609999999999999,32.03,7.4,2.92,1.21,0.079,0.062,0.026,0.167,0.365,0.029,0.06,0.742,1.27,3.9,6
5836,진해만,17,34°54´52˝,34.9144444444444,128°27´24˝,128.456666666667,굴,2018,10,6,맑음,14,21.81,0.239999999999998,31.71,7.55,2.05,0.77,0.109,0.017,0.006,0.133,0.241,0.018,0.038,0.566,3.51,5.2,10
5839,진해만,20,34°56´16˝,34.9377777777778,128°28´03˝,128.4675,굴,2018,10,6,맑음,16,21.66,0.0899999999999999,31.93,7.51,1.24,1.35,0.186,0.027,0.011,0.224,0.353,0.042,0.054,1.105,1.77,20.8,7
6042,통영,4,34°51´30˝,34.8583333333333,128°25´29˝,128.424722222222,우렁쉥이,2018,8,8,구름조금,7,27.95,1.75,33.02,7.94,2.75,3.39,0.019,0.035,0.008,0.062,0.261,0.019,0.053,0.383,5.38,2.8,3.5
6043,통영,5,34°51´43˝,34.8619444444445,128°23´41˝,128.394722222222,굴/우렁쉥이,2018,8,8,구름조금,10,26.05,4.11,33.03,7.95,3,3.23,0.014,0.025,0.007,0.046,0.154,0.016,0.044,0.376,2.73,4,7
6044,통영,6,34°51´45˝,34.8625,128°22´10˝,128.369444444444,굴,2018,8,8,구름조금,10,24.18,6.03,33.07,7.78,1.73,2.27,0.015,0.014,0.007,0.036,0.122,0.01,0.032,0.203,1.69,3,7
6048,고성자란만,3,34°53´45˝,34.8958333333333,128°17´15˝,128.2875,굴,2018,8,8,구름조금,10,25.85,4.19,32.08,7.91,2.96,2.19,0.009,0.019,0.005,0.033,0.154,0.017,0.028,0.216,9.56,4.6,5.5
6049,고성자란만,4,34°55´55˝,34.9319444444444,128°19´11˝,128.319722222222,굴,2018,8,8,구름조금,5,28.37,2.41,33.07,7.97,2.98,3.19,0.009,0.027,0.004,0.041,0.171,0.019,0.043,0.312,4.24,5.2,3
6050,고성자란만,5,34°54´52˝,34.9144444444444,128°13´49˝,128.230277777778,굴,2018,8,8,구름조금,9,26.57,4.18,32.98,8,2.83,2.59,0.017,0.03,0.006,0.053,0.135,0.016,0.046,0.321,1.28,4.4,7
6052,고성자란만,7,34°55´19˝,34.9219444444444,128°15´21˝,128.255833333333,굴,2018,8,8,구름조금,10,25,5.82,32.77,7.91,2.48,2.67,0.007,0.019,0.006,0.032,0.148,0.018,0.038,0.453,3.25,3.4,7
6082,진해만,6,35°01´18˝,35.0216666666667,128°38´00˝,128.633333333333,굴/진주담치,2018,8,7,맑음,31,17.81,9.92,33.24,7.57,2.64,0.97,0.159,0.086,0.012,0.257,0.46,0.055,0.069,1.14,1.41,5.3,7
6085,진해만,23,34°55´11˝,34.9197222222222,128°33´43˝,128.561944444444,굴/진주담치,2018,8,7,맑음,18,20.5,7.79,32.25,7.57,1.25,1.36,0.076,0.036,0.013,0.124,0.342,0.006,0.041,0.582,2.18,4.9,10.5
6086,진해만,24,34°54´34˝,34.9094444444444,128°36´30˝,128.608333333333,굴/진주담치,2018,8,7,맑음,11,22.77,4.64,31.82,7.77,1.53,1.15,0.068,0.005,0.002,0.075,0.275,0.006,0.034,0.249,4.2,3.7,5
6087,진해만,25,34°56´53˝,34.9480555555556,128°33´47˝,128.563055555556,굴/진주담치,2018,8,7,맑음,20,19.7,9.65,32.44,7.54,1.52,1.05,0.05,0.106,0.022,0.178,0.337,0.016,0.037,0.699,1.82,5.7,7.5
6088,진해만,26,34°58´37˝,34.9769444444445,128°36´04˝,128.601111111111,굴/진주담치,2018,8,7,맑음,20,19.04,9.94,32.71,7.89,1.7,1.3,0.058,0.032,0.006,0.096,0.184,0.012,0.016,0.463,1.95,1.5,8
6115,진해만,7,35°03´12˝,35.0533333333333,128°34´14˝,128.570555555556,진주담치,2018,8,6,맑음,18,20.8,7.58,32.62,7.7,1.89,0.97,0.199,0.062,0.013,0.274,0.451,0.063,0.07,1.305,1.2,4.8,9
6119,진해만,11,35°03´12˝,35.0533333333333,128°30´58˝,128.516111111111,굴,2018,8,6,맑음,16,21.9,7.47,32.44,7.78,2.57,1.47,0.098,0.017,0.006,0.121,0.317,0.027,0.043,0.602,4.76,13.3,9
6120,진해만,12,35°01´44˝,35.0288888888889,128°30´00˝,128.5,굴/미더덕,2018,8,6,맑음,18,19.32,10.82,32.62,7.66,1.65,1.6,0.141,0.012,0.005,0.157,0.372,0.031,0.048,0.7,3.56,6.3,8.5
6121,진해만,13,35°00´40˝,35.0111111111111,128°33´39˝,128.560833333333,굴,2018,8,6,맑음,22,18,11.7,33.08,7.48,0.58,1.45,0.286,0.011,0.004,0.302,0.492,0.072,0.085,1.355,1.72,6.3,8.5
6122,진해만,14,34°59´57˝,34.9991666666667,128°29´38˝,128.493888888889,굴,2018,8,6,맑음,24,17.55,12.98,33.21,7.5,0.51,1.89,0.481,0.002,0,0.484,0.709,0.129,0.15,2.099,1.57,2.4,11
6151,마산만,4,35°07´18˝,35.1216666666667,128°36´07˝,128.601944444444,진주담치,2018,8,4,맑음,14,20.76,6.76,32.07,7.5,0.58,1.88,0.099,0.009,0.003,0.112,0.309,0.024,0.04,0.072,2,5.1,8
6152,마산만,5,35°09´01˝,35.1502777777778,128°35´40˝,128.594444444444,진주담치,2018,8,4,맑음,12,21.5,5.87,31.83,7.61,1.01,2.59,0.035,0.002,0.001,0.038,0.251,0.018,0.038,0.034,3.46,4.4,4
6156,진해만,3,35°03´06˝,35.0516666666667,128°40´45˝,128.679166666667,진주담치,2018,8,4,맑음,37,20.8,6.37,32.58,7.73,2.97,1.36,0.13,0.074,0.012,0.217,0.365,0.048,0.057,0.986,2.08,8.9,6.5
6281,마산만,2,35°08´14˝,35.1372222222222,128°40´48˝,128.68,진주담치,2018,6,6,맑음,7,18.13,3.91,33.08,7.86,1.59,1.76,0.012,0.003,0,0.016,0.259,0,0.024,0.289,9.31,10.8,2
6285,마산만,6,35°11´48˝,35.1966666666667,128°35´05˝,128.584722222222,진주담치,2018,6,6,맑음,6,16.82,3.87,32.84,7.5,1.54,2.31,0.016,0.004,0,0.02,0.332,0.019,0.067,0.76,8.42,7.8,2.5
6288,통영,4,34°51´30˝,34.8583333333333,128°25´29˝,128.424722222222,우렁쉥이,2018,6,6,맑음,7,17.66,6.1,33.82,7.88,2.52,2.15,0.021,0.034,0.006,0.06,0.217,0.018,0.026,0.622,5.1,5.2,1.5
6374,진해만,8,35°05´20˝,35.0888888888889,128°31´38˝,128.527222222222,굴/미더덕,2018,6,4,맑음,12,16.27,5.47,32.98,7.52,1.98,2.65,0.012,0.003,0,0.015,0.278,0.005,0.04,0.709,9.3,8,4
6375,진해만,9,35°05´07˝,35.0852777777778,128°28´57˝,128.4825,굴/미더덕,2018,6,4,맑음,12,16.03,6.87,32.9,7.64,2.23,1.3,0.013,0.003,0,0.017,0.24,0.005,0.026,0.483,4.18,7.8,2.5
6379,진해만,14,34°59´57˝,34.9991666666667,128°29´38˝,128.493888888889,굴,2018,6,4,맑음,22,14.8,6.77,33,7.32,1.44,1.35,0.014,0.004,0.001,0.019,0.265,0.014,0.032,1.16,3.47,8,4.5
6380,진해만,15,34°59´02˝,34.9838888888889,128°27´10˝,128.452777777778,굴,2018,6,4,맑음,16,15.16,4.23,32.94,7.75,2.3,2.56,0.016,0.003,0,0.019,0.336,0.011,0.045,0.752,11.35,6.5,3.5
6381,진해만,16,34°57´01˝,34.9502777777778,128°26´44˝,128.445555555556,굴,2018,6,4,맑음,19,14.64,4.49,32.94,7.66,1.39,1.78,0.016,0.004,0,0.02,0.319,0.006,0.04,0.823,6.71,5.6,4
6382,진해만,17,34°54´52˝,34.9144444444444,128°27´24˝,128.456666666667,굴,2018,6,4,맑음,14,15.01,4.98,32.86,7.5,1.75,2.85,0.008,0.004,0,0.012,0.335,0.005,0.049,0.537,13.1,15.4,4.5
6383,진해만,18,34°54´18˝,34.905,128°25´57˝,128.4325,굴,2018,6,4,맑음,11,15.55,2.64,32.77,7.65,2.1,2.73,0.02,0.004,0,0.024,0.402,0.012,0.053,0.669,11.3,9,3.5
6384,진해만,20,34°56´16˝,34.9377777777778,128°28´03˝,128.4675,굴,2018,6,4,맑음,17,14.82,5.23,32.93,7.57,1.47,1.43,0.016,0.003,0,0.019,0.249,0.006,0.025,0.712,5.09,4.7,4.5
6418,진해만,13,35°00´40˝,35.0111111111111,128°33´39˝,128.560833333333,굴,2018,6,3,맑음,22,14.95,5.05,33.09,7.28,2.66,1.3,0.012,0.003,0,0.016,0.236,0.005,0.023,0.79,3.03,5.2,5
6420,진해만,21,34°56´51˝,34.9475,128°29´45˝,128.495833333333,굴,2018,6,3,맑음,15,15.46,5.84,32.93,7.57,1.1,1.47,0.015,0.003,0,0.018,0.241,0.01,0.032,0.927,4.59,5.1,6
6425,진해만,26,34°58´37˝,34.9769444444445,128°36´04˝,128.601111111111,굴/진주담치,2018,6,3,맑음,21,14.28,6.73,32.99,7.69,2.18,1.35,0.016,0.004,0,0.02,0.253,0.01,0.037,0.948,3.73,5.4,5.5
6976,제주,5,33°17´34˝,33.2927777777778,126°50´15˝,126.8375,연안,2017,10,27,맑음,1,0,20.3,0,0,0,0,0,0,0,0,0,0,0,0,0,0,0
6977,한림,1,33°27´54˝,33.465,126°18´39˝,126.310833333333,연안,2017,10,27,맑음,1,0,21.5,0,0,0,0,0,0,0,0,0,0,0,0,0,0,0
6980,한림,5,33°16´47˝,33.2797222222222,126°50´32˝,126.842222222222,연안,2017,10,27,맑음,1,0,20.2,0,0,0,0,0,0,0,0,0,0,0,0,0,0,0
6981,대정,1,33°14´46˝,33.2461111111111,126°11´43˝,126.195277777778,연안,2017,10,27,맑음,1,0,21.9,0,0,0,0,0,0,0,0,0,0,0,0,0,0,0
6987,서귀포,3,33°26´00˝,33.4333333333333,126°56´36˝,126.943333333333,연안,2017,10,26,맑음,1,0,22.1,0,0,0,0,0,0,0,0,0,0,0,0,0,0,0
6988,표선,1,33°18´03˝,33.3008333333333,126°50´06˝,126.835,연안,2017,10,26,맑음,1,0,21,0,0,0,0,0,0,0,0,0,0,0,0,0,0,0
6991,성산,2,33°33´35˝,33.5597222222222,126°48´52˝,126.814444444444,연안,2017,10,26,맑음,1,0,18.9,0,0,0,0,0,0,0,0,0,0,0,0,0,0,0
6992,조천,1,33°33´35˝,33.5597222222222,126°48´52˝,126.814444444444,연안,2017,10,26,맑음,1,0,19.1,0,0,0,0,0,0,0,0,0,0,0,0,0,0,0
7091,진해만,27,34°57´53˝,34.9647222222222,128°38´48˝,128.646666666667,굴/진주담치,2017,10,17,맑음,13,21.59,0.289999999999999,31.92,7.93,2.56,1.34,0.184,0.051,0.026,0.262,0.465,0.049,0.058,1.157,0.88,4.8,5.5
7116,진해만,9,35°05´07˝,35.0852777777778,128°28´57˝,128.4825,굴/미더덕,2017,10,16,흐림,11,21.38,0.349999999999998,31.9,7.74,2.88,1.42,0.072,0.067,0.051,0.19,0.378,0.034,0.045,0.822,2.18,0.8,6.5
7121,진해만,15,34°59´02˝,34.9838888888889,128°27´10˝,128.452777777778,굴,2017,10,16,흐림,16,21.47,0,32.12,7.68,2.43,2.19,0.182,0.082,0.044,0.308,0.61,0.059,0.069,1.634,1.12,3.9,7.5
7167,진해만,25,34°56´53˝,34.9480555555556,128°33´47˝,128.563055555556,굴/진주담치,2017,10,13,맑음,22,21.65,0.780000000000001,32.06,7.72,1.06,1.34,0.138,0.056,0.029,0.223,0.443,0.042,0.051,0.875,1.29,1,8
7168,진해만,26,34°58´37˝,34.9769444444445,128°36´04˝,128.601111111111,굴/진주담치,2017,10,13,맑음,21,21.91,0.390000000000001,31.94,7.78,1.91,1.02,0.185,0.036,0.022,0.243,0.437,0.048,0.053,0.944,1.04,2.2,9
7219,통영,4,34°51´30˝,34.8583333333333,128°25´29˝,128.424722222222,우렁쉥이,2017,10,11,구름조금,7.2,22.06,2.35,32.34,8.09,2.97,4.01,0.264,0.073,0.023,0.36,0.425,0.048,0.064,0.722,22.38,4.6,2.7
7247,제주,5,33°17´34˝,33.2927777777778,126°50´15˝,126.8375,마을,2017,8,30,맑음,1,0,21,0,0,0,0,0,0,0,0,0,0,0,0,0,0,0
7248,제주,5,33°17´34˝,33.2927777777778,126°50´15˝,126.8375,마을,2017,8,30,맑음,1,0,21,0,0,0,0,0,0,0,0,0,0,0,0,0,0,0
7249,한림,1,33°27´54˝,33.465,126°18´39˝,126.310833333333,마을,2017,8,30,맑음,1,0,23.5,0,0,0,0,0,0,0,0,0,0,0,0,0,0,0
7250,한림,1,33°27´54˝,33.465,126°18´39˝,126.310833333333,마을,2017,8,30,맑음,1,0,23.5,0,0,0,0,0,0,0,0,0,0,0,0,0,0,0
7253,한림,5,33°16´47˝,33.2797222222222,126°50´32˝,126.842222222222,마을,2017,8,30,맑음,1,0,26.4,0,0,0,0,0,0,0,0,0,0,0,0,0,0,0
7254,한림,5,33°16´47˝,33.2797222222222,126°50´32˝,126.842222222222,마을,2017,8,30,맑음,1,0,26.4,0,0,0,0,0,0,0,0,0,0,0,0,0,0,0
7255,조천,1,33°33´35˝,33.5597222222222,126°48´52˝,126.814444444444,마을,2017,8,30,맑음,1,0,24.5,0,0,0,0,0,0,0,0,0,0,0,0,0,0,0
7256,조천,1,33°33´35˝,33.5597222222222,126°48´52˝,126.814444444444,마을,2017,8,30,맑음,1,0,24.5,0,0,0,0,0,0,0,0,0,0,0,0,0,0,0
7263,대정,1,33°14´46˝,33.2461111111111,126°11´43˝,126.195277777778,마을,2017,8,29,맑음,1,0,24.3,0,0,0,0,0,0,0,0,0,0,0,0,0,0,0
7264,대정,1,33°14´46˝,33.2461111111111,126°11´43˝,126.195277777778,마을,2017,8,29,맑음,1,0,24.3,0,0,0,0,0,0,0,0,0,0,0,0,0,0,0
7273,서귀포,3,33°26´00˝,33.4333333333333,126°56´36˝,126.943333333333,마을,2017,8,29,맑음,1,0,25.3,0,0,0,0,0,0,0,0,0,0,0,0,0,0,0
7274,서귀포,3,33°26´00˝,33.4333333333333,126°56´36˝,126.943333333333,마을,2017,8,29,맑음,1,0,25.3,0,0,0,0,0,0,0,0,0,0,0,0,0,0,0
7275,표선,1,33°18´03˝,33.3008333333333,126°50´06˝,126.835,마을,2017,8,29,맑음,1,0,22.3,0,0,0,0,0,0,0,0,0,0,0,0,0,0,0
7276,표선,1,33°18´03˝,33.3008333333333,126°50´06˝,126.835,마을,2017,8,29,맑음,1,0,22.3,0,0,0,0,0,0,0,0,0,0,0,0,0,0,0
7281,성산,2,33°33´35˝,33.5597222222222,126°48´52˝,126.814444444444,마을,2017,8,29,맑음,1,0,20.6,0,0,0,0,0,0,0,0,0,0,0,0,0,0,0
7282,성산,2,33°33´35˝,33.5597222222222,126°48´52˝,126.814444444444,마을,2017,8,29,맑음,1,0,20.6,0,0,0,0,0,0,0,0,0,0,0,0,0,0,0
7479,천수만,2,36°35´41˝,36.5947222222222,126°24´12˝,126.403333333333,굴,2017,8,5,맑음,17,27.03,4.04,30.71,7.78,2.86,2.15,0.328,0.021,0.004,0.353,0.559,0,0.078,1.598,1.97,46,1.4
7480,천수만,2,36°35´41˝,36.5947222222222,126°24´12˝,126.403333333333,굴,2017,8,5,맑음,17,27.03,4.04,30.71,7.78,2.86,2.15,0.328,0.021,0.004,0.353,0.559,0.072,0.078,1.598,1.97,46,1.4
7577,마산만,5,35°09´01˝,35.1502777777778,128°35´40˝,128.594444444444,진주담치,2017,8,3,맑음,14,20.73,7.31,33.46,7.75,0.81,2.92,0.049,0.005,0.002,0.055,0.22,0,0.043,0.335,4.24,7.4,5
7578,마산만,5,35°09´01˝,35.1502777777778,128°35´40˝,128.594444444444,진주담치,2017,8,3,맑음,14,20.73,7.31,33.46,7.75,0.81,2.92,0.049,0.005,0.002,0.055,0.22,0.029,0.043,0.335,4.24,7.4,5
7593,진해만,25,34°56´53˝,34.9480555555556,128°33´47˝,128.563055555556,굴/진주담치,2017,8,3,맑음,22,19.86,6.48,33.8,7.91,2.79,1.26,0.008,0.001,0.001,0.01,0.139,0,0.02,0.082,2.4,5.6,12
7594,진해만,25,34°56´53˝,34.9480555555556,128°33´47˝,128.563055555556,굴/진주담치,2017,8,3,맑음,22,19.86,6.48,33.8,7.91,2.79,1.26,0.008,0.001,0.001,0.01,0.139,0.009,0.02,0.082,2.4,5.6,12
7642,진해만,4,35°03´35˝,35.0597222222222,128°38´27˝,128.640833333333,진주담치,2017,8,2,맑음,28,18.03,8.5,33.91,7.79,1.67,1.11,0.1,0.124,0.01,0.234,0.338,0,0.07,1.509,2.67,8.8,3
7643,진해만,4,35°03´35˝,35.0597222222222,128°38´27˝,128.640833333333,진주담치,2017,8,2,맑음,28,18.03,8.5,33.91,7.79,1.67,1.11,0.1,0.124,0.01,0.234,0.338,0.06,0.07,1.509,2.67,8.8,3
7644,진해만,7,35°03´12˝,35.0533333333333,128°34´14˝,128.570555555556,진주담치,2017,8,2,맑음,18,18.76,6.98,33.83,7.76,1.08,1.03,0.137,0.048,0.006,0.19,0.313,0,0.063,1.234,2.76,4.5,4
7645,진해만,7,35°03´12˝,35.0533333333333,128°34´14˝,128.570555555556,진주담치,2017,8,2,맑음,18,18.76,6.98,33.83,7.76,1.08,1.03,0.137,0.048,0.006,0.19,0.313,0.051,0.063,1.234,2.76,4.5,4
7654,진해만,12,35°01´44˝,35.0288888888889,128°30´00˝,128.5,굴/미더덕,2017,8,2,맑음,19,21.97,4.47,32.45,7.76,0.96,1.19,0.12,0.109,0.011,0.24,0.324,0,0.08,1.91,2.25,2.9,4.5
7655,진해만,12,35°01´44˝,35.0288888888889,128°30´00˝,128.5,굴/미더덕,2017,8,2,맑음,19,21.97,4.47,32.45,7.76,0.96,1.19,0.12,0.109,0.011,0.24,0.324,0.073,0.08,1.91,2.25,2.9,4.5
7656,진해만,13,35°00´40˝,35.0111111111111,128°33´39˝,128.560833333333,굴,2017,8,2,맑음,22,17.65,7.21,33.98,8.02,1.66,1.91,0.009,0.008,0,0.017,0.188,0,0.037,0.381,7.96,6.1,5
7657,진해만,13,35°00´40˝,35.0111111111111,128°33´39˝,128.560833333333,굴,2017,8,2,맑음,22,17.65,7.21,33.98,8.02,1.66,1.91,0.009,0.008,0,0.017,0.188,0.018,0.037,0.381,7.96,6.1,5
7658,진해만,14,34°59´57˝,34.9991666666667,128°29´38˝,128.493888888889,굴,2017,8,2,맑음,23,18.21,5.92,33.92,7.98,0.86,1.38,0.166,0.03,0.008,0.205,0.343,0,0.09,1.653,1.87,2.5,5
7659,진해만,14,34°59´57˝,34.9991666666667,128°29´38˝,128.493888888889,굴,2017,8,2,맑음,23,18.21,5.92,33.92,7.98,0.86,1.38,0.166,0.03,0.008,0.205,0.343,0.072,0.09,1.653,1.87,2.5,5
7672,통영,4,34°51´30˝,34.8583333333333,128°25´29˝,128.424722222222,우렁쉥이,2017,8,2,구름조금,7.2,22.04,6.34,33.81,7.56,0.42,3.81,0.02,0.039,0.01,0.07,0.366,0,0.074,0.424,10.5,4.4,2.8
7673,통영,4,34°51´30˝,34.8583333333333,128°25´29˝,128.424722222222,우렁쉥이,2017,8,2,구름조금,7.2,22.04,6.34,33.81,7.56,0.42,3.81,0.02,0.039,0.01,0.07,0.366,0.03,0.074,0.424,10.5,4.4,2.8
7674,통영,5,34°51´43˝,34.8619444444445,128°23´41˝,128.394722222222,굴/우렁쉥이,2017,8,2,구름조금,9.5,20.44,7.79,33.88,7.52,0.38,3.3,0.021,0.028,0.01,0.059,0.197,0,0.063,0.708,7.17,3.8,3.4
7675,통영,5,34°51´43˝,34.8619444444445,128°23´41˝,128.394722222222,굴/우렁쉥이,2017,8,2,구름조금,9.5,20.44,7.79,33.88,7.52,0.38,3.3,0.021,0.028,0.01,0.059,0.197,0.029,0.063,0.708,7.17,3.8,3.4
7676,통영,6,34°51´45˝,34.8625,128°22´10˝,128.369444444444,굴,2017,8,2,구름조금,10.2,19.52,8.82,33.86,7.6,0.38,2.18,0.014,0.027,0.009,0.05,0.205,0,0.05,0.38,7.09,9.2,5.8
7677,통영,6,34°51´45˝,34.8625,128°22´10˝,128.369444444444,굴,2017,8,2,구름조금,10.2,19.52,8.82,33.86,7.6,0.38,2.18,0.014,0.027,0.009,0.05,0.205,0.026,0.05,0.38,7.09,9.2,5.8
7686,고성자란만,4,34°55´55˝,34.9319444444444,128°19´11˝,128.319722222222,굴,2017,8,2,구름조금,5.4,22.01,5.67,33.78,7.78,2.93,3.3,0.02,0.046,0.008,0.074,0.208,0,0.063,1.627,9.41,4.4,3.2
7687,고성자란만,4,34°55´55˝,34.9319444444444,128°19´11˝,128.319722222222,굴,2017,8,2,구름조금,5.4,22.01,5.67,33.78,7.78,2.93,3.3,0.02,0.046,0.008,0.074,0.208,0.036,0.063,1.627,9.41,4.4,3.2
7690,고성자란만,6,34°55´19˝,34.9219444444444,128°15´11˝,128.253055555556,굴,2017,8,2,구름조금,8.5,21.5,6.82,33.61,7.79,2.34,3.46,0.019,0.025,0.013,0.058,0.131,0,0.048,1.408,16.24,4.4,5.2
7691,고성자란만,6,34°55´19˝,34.9219444444444,128°15´11˝,128.253055555556,굴,2017,8,2,구름조금,8.5,21.5,6.82,33.61,7.79,2.34,3.46,0.019,0.025,0.013,0.058,0.131,0.038,0.048,1.408,16.24,4.4,5.2
7900,진해만,36,34°59´57˝,34.9991666666667,128°29´38˝,128.493888888889,패류,2017,6,6,흐림,22,15.63,4.46,33.7,7.55,2.79,1.21,0.074,0.04,0.035,0.148,0.236,0.026,0.036,1.415,0.93,3.9,6.5
7901,진해만,37,34°59´02˝,34.9838888888889,128°27´10˝,128.452777777778,패류,2017,6,6,흐림,17,16.14,4.7,33.74,7.63,2.87,1.57,0.077,0.028,0.022,0.128,0.236,0.024,0.036,1.42,1.67,4.9,7
7989,제주,5,33°17´34˝,33.2927777777778,126°50´15˝,126.8375,연안,2017,6,1,맑음,1,0,18.5,0,0,0,0,0,0,0,0,0,0,0,0,0,0,0
7990,한림,2,33°27´54˝,33.465,126°18´39˝,126.310833333333,연안,2017,6,1,맑음,1,0,17.2,0,0,0,0,0,0,0,0,0,0,0,0,0,0,0
7993,한림,5,33°16´47˝,33.2797222222222,126°50´32˝,126.842222222222,연안,2017,6,1,맑음,1,0,17.9,0,0,0,0,0,0,0,0,0,0,0,0,0,0,0
7994,대정,1,33°14´46˝,33.2461111111111,126°11´43˝,126.195277777778,연안,2017,6,1,맑음,1,0,17.5,0,0,0,0,0,0,0,0,0,0,0,0,0,0,0
8000,서귀포,3,33°26´00˝,33.4333333333333,126°56´36˝,126.943333333333,연안,2017,5,31,맑음,1,0,17.4,0,0,0,0,0,0,0,0,0,0,0,0,0,0,0
8001,표선,1,33°18´03˝,33.3008333333333,126°50´06˝,126.835,연안,2017,5,31,맑음,1,0,17.4,0,0,0,0,0,0,0,0,0,0,0,0,0,0,0
8004,성산,2,33°33´35˝,33.5597222222222,126°48´52˝,126.814444444444,연안,2017,5,31,맑음,1,0,16.8,0,0,0,0,0,0,0,0,0,0,0,0,0,0,0
8005,조천,1,33°33´35˝,33.5597222222222,126°48´52˝,126.814444444444,연안,2017,5,31,맑음,1,0,17.2,0,0,0,0,0,0,0,0,0,0,0,0,0,0,0
8183,제주,5,33°17´34˝,33.2927777777778,126°50´15˝,126.8375,연안,2017,4,5,맑음,1,0,15.1,0,0,0,0,0,0,0,0,0,0,0,0,0,0,0
8184,한림,1,33°27´54˝,33.465,126°18´39˝,126.310833333333,연안,2017,4,5,맑음,1,0,15.2,0,0,0,0,0,0,0,0,0,0,0,0,0,0,0
8186,한림,5,33°16´47˝,33.2797222222222,126°50´32˝,126.842222222222,연안,2017,4,5,맑음,1,0,15.16,0,0,0,0,0,0,0,0,0,0,0,0,0,0,0
8187,성산,2,33°33´35˝,33.5597222222222,126°48´52˝,126.814444444444,연안,2017,4,5,맑음,1,0,14.7,0,0,0,0,0,0,0,0,0,0,0,0,0,0,0
8188,조천,1,33°33´35˝,33.5597222222222,126°48´52˝,126.814444444444,연안,2017,4,5,맑음,1,0,14.6,0,0,0,0,0,0,0,0,0,0,0,0,0,0,0
8223,대정,1,33°14´46˝,33.2461111111111,126°11´43˝,126.195277777778,연안,2017,4,4,맑음,1,0,15.1,0,0,0,0,0,0,0,0,0,0,0,0,0,0,0
8228,서귀포,3,33°26´00˝,33.4333333333333,126°56´36˝,126.943333333333,연안,2017,4,4,맑음,1,0,15.2,0,0,0,0,0,0,0,0,0,0,0,0,0,0,0
8229,표선,1,33°18´03˝,33.3008333333333,126°50´06˝,126.835,연안,2017,4,4,맑음,1,0,15.38,0,0,0,0,0,0,0,0,0,0,0,0,0,0,0
8285,한림,1,33°27´54˝,33.465,126°18´39˝,126.310833333333,연안,2017,2,17,맑음,1,0,14.3,0,0,0,0,0,0,0,0,0,0,0,0,0,0,0
8286,한림,3,33°28´56˝,33.4822222222222,126°18´04˝,126.301111111111,연안,2017,2,17,맑음,0,0,12.5,0,0,0,0,0,0,0,0,0,0,0,0,0,0,0
8287,대정,1,33°14´46˝,33.2461111111111,126°11´43˝,126.195277777778,연안,2017,2,17,맑음,1,0,13.9,0,0,0,0,0,0,0,0,0,0,0,0,0,0,0
8288,대정,3,33°13´44˝,33.2288888888889,126°11´20˝,126.188888888889,연안,2017,2,17,맑음,0,0,14.5,0,0,0,0,0,0,0,0,0,0,0,0,0,0,0
8289,표선,1,33°18´03˝,33.3008333333333,126°50´06˝,126.835,연안,2017,2,17,맑음,1,0,16.5,0,0,0,0,0,0,0,0,0,0,0,0,0,0,0
8290,조천,1,33°33´35˝,33.5597222222222,126°48´52˝,126.814444444444,연안,2017,2,17,맑음,1,0,14.9,0,0,0,0,0,0,0,0,0,0,0,0,0,0,0
8291,조천,3,33°33´40˝,33.5611111111111,126°48´42˝,126.811666666667,연안,2017,2,17,맑음,0,0,15.8,0,0,0,0,0,0,0,0,0,0,0,0,0,0,0
8342,표선,3,33°16´47˝,33.2797222222222,126°50´32˝,126.842222222222,연안,2017,2,15,맑음,0,0,16.3,0,0,0,0,0,0,0,0,0,0,0,0,0,0,0
8654,한림,1,33°27´54˝,33.465,126°18´39˝,126.310833333333,마을,2016,12,7,맑음,1,0,17.44,0,0,0,0,0,0,0,0,0,0,0,0,0,0,0
8657,조천,1,33°33´35˝,33.5597222222222,126°48´52˝,126.814444444444,마을,2016,12,7,맑음,1,0,19.3,0,0,0,0,0,0,0,0,0,0,0,0,0,0,0
8676,대정,1,33°14´46˝,33.2461111111111,126°11´43˝,126.195277777778,마을,2016,12,6,맑음,1,0,18.9,0,0,0,0,0,0,0,0,0,0,0,0,0,0,0
8682,표선,1,33°18´03˝,33.3008333333333,126°50´06˝,126.835,마을,2016,12,6,맑음,1,0,19.8,0,0,0,0,0,0,0,0,0,0,0,0,0,0,0
8805,한림,1,33°27´54˝,33.465,126°18´39˝,126.310833333333,마을,2016,10,19,맑음,1,0,22.5,0,0,0,0,0,0,0,0,0,0,0,0,0,0,0
8808,조천,1,33°33´35˝,33.5597222222222,126°48´52˝,126.814444444444,마을,2016,10,19,맑음,1,0,21.6,0,0,0,0,0,0,0,0,0,0,0,0,0,0,0
8813,대정,1,33°14´46˝,33.2461111111111,126°11´43˝,126.195277777778,마을,2016,10,18,맑음,1,0,21.4,0,0,0,0,0,0,0,0,0,0,0,0,0,0,0
8819,표선,1,33°18´03˝,33.3008333333333,126°50´06˝,126.835,마을,2016,10,18,맑음,1,0,22.4,0,0,0,0,0,0,0,0,0,0,0,0,0,0,0
8927,진해만,21,34°56´51˝,34.9475,128°29´45˝,128.495833333333,굴,2016,10,9,바람,15,23.28,1.01,31.07,7.83,1.78,0.69,0.094,0.063,0.027,0.184,0.339,0.022,0.027,0.572,1.26,4,3.5
8932,진해만,26,34°58´37˝,34.9769444444445,128°36´04˝,128.601111111111,굴/진주담치,2016,10,9,맑음,21,23.23,0.510000000000002,31.1,7.84,2.66,0.4,0.121,0.062,0.083,0.265,0.382,0.04,0.048,0.852,0.74,9.1,12.5
8944,진해만,8,35°05´20˝,35.0888888888889,128°31´38˝,128.527222222222,굴/미더덕,2016,10,8,흐림,12,23.7,0.370000000000001,30.61,7.84,2.71,0.98,0.068,0.061,0.082,0.211,0.261,0.031,0.031,0.655,3.13,7.3,2.5
8945,진해만,9,35°05´07˝,35.0852777777778,128°28´57˝,128.4825,굴/미더덕,2016,10,8,비,12,23.63,0.259999999999998,30.73,7.77,1.98,1.03,0.092,0.057,0.07,0.219,0.407,0.039,0.05,0.667,0.81,4.7,2.5
8950,진해만,14,34°59´57˝,34.9991666666667,128°29´38˝,128.493888888889,굴,2016,10,8,비,22,23.27,0.390000000000001,31.35,7.87,2.56,2.19,0.123,0.077,0.101,0.301,0.383,0.042,0.047,1.084,0.55,4.2,2.5
8952,진해만,16,34°57´01˝,34.9502777777778,128°26´44˝,128.445555555556,굴,2016,10,8,흐림,18,23.34,0.489999999999998,31.28,7.88,2.87,2.37,0.156,0.092,0.116,0.363,0.379,0.042,0.047,1.326,0.64,7.2,3.5
8955,진해만,20,34°56´16˝,34.9377777777778,128°28´03˝,128.4675,굴,2016,10,8,비,16,23.41,0.559999999999999,31.07,7.81,1.8,2.24,0.163,0.11,0.064,0.337,0.34,0.029,0.034,1.108,1.51,4.3,3.5
9089,마산만,4,35°07´18˝,35.1216666666667,128°36´07˝,128.601944444444,진주담치,2016,8,6,맑음,13,19.82,7.58,32.79,7.6,1.31,1.4,0.168,0.032,0.03,0.23,0.39,0.045,0.056,1.073,3.11,10.9,2.5
9090,마산만,5,35°09´01˝,35.1502777777778,128°35´40˝,128.594444444444,진주담치,2016,8,6,맑음,13,19.68,7.63,32.73,7.54,0.61,1.26,0.204,0.015,0.02,0.238,0.35,0.054,0.061,1.285,2.72,6.6,2
9091,마산만,6,35°11´48˝,35.1966666666667,128°35´05˝,128.584722222222,진주담치,2016,8,6,맑음,10,20.21,7.97,32.32,7.52,0.37,2.07,0.251,0.004,0.001,0.255,0.421,0.069,0.092,1.185,3.46,8.2,2
9094,진해만,8,35°05´20˝,35.0888888888889,128°31´38˝,128.527222222222,굴/미더덕,2016,8,6,맑음,13,19.92,8.83,32.77,7.63,1.89,1.11,0.042,0.018,0.011,0.071,0.263,0.019,0.041,0.625,7.73,5.6,7
9095,진해만,9,35°05´07˝,35.0852777777778,128°28´57˝,128.4825,굴/미더덕,2016,8,6,맑음,12,19.86,9.96,32.66,7.5,0.48,1.59,0.034,0.008,0.006,0.048,0.202,0.014,0.036,0.554,6.86,9.6,5.5
9096,진해만,10,35°04´43˝,35.0786111111111,128°28´12˝,128.47,굴,2016,8,6,맑음,17,19.25,6.85,32.91,7.56,1.33,1.18,0.121,0.022,0.016,0.159,0.281,0.039,0.054,1.05,2.2,7.4,4
9097,진해만,11,35°03´12˝,35.0533333333333,128°30´58˝,128.516111111111,굴,2016,8,6,맑음,17,18.35,9.25,33.11,7.58,1.95,1.18,0.031,0.031,0.018,0.081,0.203,0.019,0.034,0.727,2.74,6.1,5
9129,통영,4,34°51´30˝,34.8583333333333,128°25´29˝,128.424722222222,우렁쉥이,2016,8,5,구름조금,6,20.38,7.37,33.44,7.81,1.04,3.37,0.185,0.016,0.005,0.206,0.354,0.111,0.212,1.925,10.89,5.2,2
9130,통영,5,34°51´43˝,34.8619444444445,128°23´41˝,128.394722222222,굴/우렁쉥이,2016,8,5,구름조금,9,19.69,8.86,33.48,7.91,2.15,3.29,0.053,0.036,0.008,0.097,0.239,0.053,0.106,1.366,12.67,3.2,2.5
9140,진해만,12,35°01´44˝,35.0288888888889,128°30´00˝,128.5,굴/미더덕,2016,8,4,맑음,18,17.39,10.47,33.44,7.58,1.81,0.91,0.064,0.02,0.011,0.095,0.24,0.024,0.047,0.698,0.45,7.6,4.5
9141,진해만,13,35°00´40˝,35.0111111111111,128°33´39˝,128.560833333333,굴,2016,8,4,맑음,21,17.16,10.7,33.53,7.66,2.76,1.21,0.074,0.063,0.022,0.159,0.247,0.032,0.045,0.95,1.02,6.1,5
9142,진해만,14,34°59´57˝,34.9991666666667,128°29´38˝,128.493888888889,굴,2016,8,4,맑음,22,17.08,11.61,33.56,7.67,2.75,1.31,0.042,0.063,0.025,0.13,0.231,0.025,0.035,0.748,1.05,2.2,5.5
9143,진해만,15,34°59´02˝,34.9838888888889,128°27´10˝,128.452777777778,굴,2016,8,4,맑음,16,18.47,10.49,33.16,7.53,1.57,1.16,0.057,0.003,0.001,0.06,0.195,0.019,0.044,0.732,1.01,5.4,6.5
9144,진해만,16,34°57´01˝,34.9502777777778,128°26´44˝,128.445555555556,굴,2016,8,4,맑음,18,17.52,10.64,33.47,7.5,0.86,1.88,0.118,0.003,0.003,0.124,0.207,0.043,0.044,1.236,0.68,8.8,5.5
9145,진해만,17,34°54´52˝,34.9144444444444,128°27´24˝,128.456666666667,굴,2016,8,4,맑음,13,19.28,8.79,33.13,7.34,0.47,1.34,0.06,0.008,0.003,0.072,0.197,0.027,0.042,0.797,2.2,5,7
9146,진해만,18,34°54´18˝,34.905,128°25´57˝,128.4325,굴,2016,8,4,맑음,11,21.34,6.84,32.66,7.45,1.21,1.77,0.005,0.001,0.002,0.009,0.112,0.005,0.017,0.405,3.36,5.8,5.5
9148,진해만,20,34°56´16˝,34.9377777777778,128°28´03˝,128.4675,굴,2016,8,4,맑음,16,17.75,10.47,33.49,7.33,0.41,1.54,0.096,0.001,0.003,0.101,0.263,0.04,0.058,1.11,1.62,3.1,8
9149,진해만,21,34°56´51˝,34.9475,128°29´45˝,128.495833333333,굴,2016,8,4,맑음,15,18.81,8.69,33.3,7.47,0.48,1.73,0.121,0.005,0.004,0.131,0.278,0.049,0.069,1.078,1.77,10.4,9.5
9150,진해만,22,34°55´06˝,34.9183333333333,128°30´39˝,128.510833333333,굴,2016,8,4,맑음,13,21.9,5.07,32.85,7.62,2.4,1.39,0.03,0.004,0.004,0.039,0.149,0.02,0.03,0.55,3.07,4.4,6.5
9151,진해만,23,34°55´11˝,34.9197222222222,128°33´43˝,128.561944444444,굴/진주담치,2016,8,4,맑음,18,17.9,9.33,33.54,7.43,0.42,2.27,0.057,0.001,0.003,0.061,0.222,0.024,0.041,0.969,1.34,4.2,6
9152,진해만,24,34°54´34˝,34.9094444444444,128°36´30˝,128.608333333333,굴/진주담치,2016,8,4,맑음,12,21.12,5.96,32.56,7.44,0.37,1.94,0.082,0.001,0.003,0.086,0.292,0.034,0.059,0.692,2.31,7.7,2.5
9182,진해만,5,35°00´15˝,35.0041666666667,128°39´56˝,128.665555555556,굴/진주담치,2016,8,3,맑음,10,21.45,3.91,32.51,7.94,2.98,1.34,0.075,0.011,0.007,0.093,0.21,0.029,0.039,0.828,3.79,9,3.5
9184,진해만,25,34°56´53˝,34.9480555555556,128°33´47˝,128.563055555556,굴/진주담치,2016,8,3,맑음,22,16.91,10.25,33.77,7.39,0.44,1.21,0.069,0.003,0.005,0.077,0.194,0.049,0.058,1.552,0.36,5.1,6.5
9185,진해만,26,34°58´37˝,34.9769444444445,128°36´04˝,128.601111111111,굴/진주담치,2016,8,3,맑음,20,17.11,9.03,33.75,7.37,0.38,2.62,0.28,0.002,0.002,0.284,0.459,0.087,0.098,1.79,0.5,5.7,5.5
9186,진해만,27,34°57´53˝,34.9647222222222,128°38´48˝,128.646666666667,굴/진주담치,2016,8,3,맑음,13,19.49,6.89,33.02,7.43,0.55,1.85,0.056,0.002,0.005,0.063,0.257,0.023,0.033,0.801,2.02,6.2,4
9220,한림,1,33°27´54˝,33.465,126°18´39˝,126.310833333333,마을,2016,8,2,맑음,1,0,24.4,0,0,0,0,0,0,0,0,0,0,0,0,0,0,0
9224,조천,1,33°33´35˝,33.5597222222222,126°48´52˝,126.814444444444,마을,2016,8,2,맑음,1,0,26.8,0,0,0,0,0,0,0,0,0,0,0,0,0,0,0
9235,대정,1,33°14´46˝,33.2461111111111,126°11´43˝,126.195277777778,마을,2016,8,1,맑음,1,0,26.5,0,0,0,0,0,0,0,0,0,0,0,0,0,0,0
9241,표선,1,33°18´03˝,33.3008333333333,126°50´06˝,126.835,마을,2016,8,1,맑음,1,0,25.4,0,0,0,0,0,0,0,0,0,0,0,0,0,0,0
9251,가막만,1,34°43´39˝,34.7275,127°40´04˝,127.667777777778,진주담치,2016,6,24,흐림,8,22.31,2.78,32.9,7.56,0.33,1.83,0.012,0.009,0,0.021,0.264,0.005,0.035,0.669,4.94,20.8,2.2
9408,한림,1,33°27´54˝,33.465,126°18´39˝,126.310833333333,마을,2016,6,8,맑음,1,0,21.45,0,0,0,0,0,0,0,0,0,0,0,0,0,0,0
9411,조천,1,33°33´35˝,33.5597222222222,126°48´52˝,126.814444444444,마을,2016,6,8,맑음,1,0,21.42,0,0,0,0,0,0,0,0,0,0,0,0,0,0,0
9428,대정,1,33°14´46˝,33.2461111111111,126°11´43˝,126.195277777778,마을,2016,6,7,맑음,1,0,21.54,0,0,0,0,0,0,0,0,0,0,0,0,0,0,0
9434,표선,1,33°18´03˝,33.3008333333333,126°50´06˝,126.835,마을,2016,6,7,맑음,1,0,22.65,0,0,0,0,0,0,0,0,0,0,0,0,0,0,0
9442,진해만,23,34°55´11˝,34.9197222222222,128°33´43˝,128.561944444444,굴/진주담치,2016,6,6,비,20,14.66,4.96,32.99,7.65,1.26,1.75,0.086,0.025,0.027,0.138,0.261,0.02,0.03,1.459,0.98,5.7,3.5
9444,진해만,25,34°56´53˝,34.9480555555556,128°33´47˝,128.563055555556,굴/진주담치,2016,6,6,비,22,14.8,4.75,33.16,7.69,1.66,0.93,0.044,0.018,0.018,0.081,0.22,0.011,0.021,1.23,3.21,6.3,3.5
9445,진해만,26,34°58´37˝,34.9769444444445,128°36´04˝,128.601111111111,굴/진주담치,2016,6,6,비,21,14.97,4,33.1,7.77,2.67,0.61,0.118,0.023,0.023,0.164,0.249,0.032,0.036,1.827,2.01,7.9,3.5
9450,진해만,9,35°05´07˝,35.0852777777778,128°28´57˝,128.4825,굴/미더덕,2016,6,4,비,10,16.75,5.91,32.63,7.64,2.54,1.52,0.007,0.005,0.004,0.015,0.169,0.004,0.019,1.267,5.09,10,2.5
9457,진해만,16,34°57´01˝,34.9502777777778,128°26´44˝,128.445555555556,굴,2016,6,4,비,18,15,5.62,32.97,7.71,2.76,1.11,0.06,0.036,0.026,0.122,0.23,0.019,0.03,1.44,3.13,5.3,5.5
9458,진해만,17,34°54´52˝,34.9144444444444,128°27´24˝,128.456666666667,굴,2016,6,4,비,13,15.11,5.72,32.51,7.64,2.39,1.33,0.007,0.004,0.001,0.011,0.148,0.002,0.017,1.171,3.78,11.2,4.5
9459,진해만,18,34°54´18˝,34.905,128°25´57˝,128.4325,굴,2016,6,4,비,10,15.9,5.04,32.39,7.59,2.34,1.87,0.005,0.005,0.001,0.011,0.147,0.001,0.012,0.838,4.91,6.7,3.5
9461,진해만,20,34°56´16˝,34.9377777777778,128°28´03˝,128.4675,굴,2016,6,4,비,15,14.96,5.84,32.75,7.63,2.06,1.28,0.062,0.013,0.005,0.08,0.195,0.017,0.028,1.279,2.74,6.5,6
9482,마산만,2,35°08´14˝,35.1372222222222,128°40´48˝,128.68,진주담치,2016,6,1,맑음,7,17.71,5.24,32.89,7.7,2.12,2.89,0.04,0.007,0.005,0.051,0.332,0.004,0.033,0.909,8.73,10.4,2
9637,한림,1,33°27´54˝,33.465,126°18´39˝,126.310833333333,마을,2016,4,6,맑음,1,0,16.14,0,0,0,0,0,0,0,0,0,0,0,0,0,0,0
9640,조천,1,33°33´35˝,33.5597222222222,126°48´52˝,126.814444444444,마을,2016,4,6,맑음,1,0,15.78,0,0,0,0,0,0,0,0,0,0,0,0,0,0,0
9690,대정,1,33°14´46˝,33.2461111111111,126°11´43˝,126.195277777778,마을,2016,4,5,맑음,1,0,16.24,0,0,0,0,0,0,0,0,0,0,0,0,0,0,0
9696,표선,1,33°18´03˝,33.3008333333333,126°50´06˝,126.835,마을,2016,4,5,맑음,1,0,15.84,0,0,0,0,0,0,0,0,0,0,0,0,0,0,0
9839,한림,1,33°27´54˝,33.465,126°18´39˝,126.310833333333,마을,2016,2,19,맑음,1,0,14.66,0,0,0,0,0,0,0,0,0,0,0,0,0,0,0
9842,조천,1,33°33´35˝,33.5597222222222,126°48´52˝,126.814444444444,마을,2016,2,19,맑음,1,0,13.64,0,0,0,0,0,0,0,0,0,0,0,0,0,0,0
9847,대정,1,33°14´46˝,33.2461111111111,126°11´43˝,126.195277777778,마을,2016,2,18,맑음,1,0,13.94,0,0,0,0,0,0,0,0,0,0,0,0,0,0,0
9853,표선,1,33°18´03˝,33.3008333333333,126°50´06˝,126.835,마을,2016,2,18,맑음,1,0,15.64,0,0,0,0,0,0,0,0,0,0,0,0,0,0,0
10005,조천,1,33°33´35˝,33.5597222222222,126°48´52˝,126.814444444444,연안,2015,12,22,맑음,1,0,15.66,0,0,0,0,0,0,0,0,0,0,0,0,0,0,0
10012,한림,1,33°27´54˝,33.465,126°18´39˝,126.310833333333,연안,2015,12,21,맑음,1,0,15.44,0,0,0,0,0,0,0,0,0,0,0,0,0,0,0
10016,대정,1,33°14´46˝,33.2461111111111,126°11´43˝,126.195277777778,연안,2015,12,21,맑음,1,0,16.81,0,0,0,0,0,0,0,0,0,0,0,0,0,0,0
10022,표선,1,33°18´03˝,33.3008333333333,126°50´06˝,126.835,연안,2015,12,21,맑음,1,0,17.47,0,0,0,0,0,0,0,0,0,0,0,0,0,0,0
10410,한림,1,33°27´54˝,33.465,126°18´39˝,126.310833333333,연안,2015,10,6,맑음,1,0,19.8,0,0,0,0,0,0,0,0,0,0,0,0,0,0,0
10413,조천,1,33°33´35˝,33.5597222222222,126°48´52˝,126.814444444444,연안,2015,10,6,맑음,1,0,20.7,0,0,0,0,0,0,0,0,0,0,0,0,0,0,0
10460,대정,1,33°14´46˝,33.2461111111111,126°11´43˝,126.195277777778,연안,2015,10,5,맑음,1,0,20.2,0,0,0,0,0,0,0,0,0,0,0,0,0,0,0
10466,표선,1,33°18´03˝,33.3008333333333,126°50´06˝,126.835,연안,2015,10,5,맑음,1,0,20.5,0,0,0,0,0,0,0,0,0,0,0,0,0,0,0
10533,섬진강하구,4,34°49´59˝,34.8330555555556,127°47´34˝,127.792777777778,연안,2015,8,10,구름많음,21.2,20.05,7.2,32.67,7.81,2.92,1.09,0.029,0.014,0.006,0.049,0.142,0.011,0.017,0.675,6.15,14.2,2.4
10557,진해만,8,35°05´20˝,35.0888888888889,128°31´38˝,128.527222222222,패류,2015,8,9,맑음,12,19.74,10.02,33.13,7.57,0.73,1.67,0.045,0.079,0.027,0.151,0.257,0.031,0.041,0.911,6.55,5.3,6.5
10558,진해만,9,35°05´07˝,35.0852777777778,128°28´57˝,128.4825,패류,2015,8,9,맑음,12,19.62,10.74,33.12,7.65,2.41,1.67,0.111,0.078,0.027,0.216,0.332,0.06,0.06,1.323,5.95,3.1,5
10559,진해만,10,35°04´43˝,35.0786111111111,128°28´12˝,128.47,패류,2015,8,9,맑음,14,19.49,8.68,33.15,7.69,2.99,1.64,0.051,0.092,0.03,0.173,0.284,0.041,0.047,1.133,4.85,2.4,4
10563,진해만,15,34°59´02˝,34.9838888888889,128°27´10˝,128.452777777778,패류,2015,8,9,맑음,16,18.95,9.82,33.2,7.62,1.89,2.23,0.036,0.148,0.037,0.221,0.284,0.045,0.048,1.238,2.88,2.4,7.5
10564,진해만,16,34°57´01˝,34.9502777777778,128°26´44˝,128.445555555556,패류,2015,8,9,맑음,17,18.88,9.04,33.17,7.5,0.62,2.58,0.057,0.111,0.03,0.198,0.376,0.05,0.054,1.137,1.97,2.7,6.5
10595,마산만,6,35°11´48˝,35.1966666666667,128°35´05˝,128.584722222222,패류,2015,8,8,맑음,6,21,5.49,32.52,7.53,0.9,3.83,0.166,0.018,0.012,0.196,0.388,0.051,0.075,1.212,12.09,7.7,1.5
10597,진해만,17,34°54´52˝,34.9144444444444,128°27´24˝,128.456666666667,패류,2015,8,8,맑음,13,19.71,8.4,33.06,7.67,2.91,1.23,0.089,0.08,0.024,0.193,0.414,0.048,0.056,1.263,6,6.2,7
10598,진해만,18,34°54´18˝,34.905,128°25´57˝,128.4325,패류,2015,8,8,맑음,11,20.01,8.18,33.02,7.44,0.47,2.92,0.007,0.005,0,0.012,0.415,0.03,0.069,0.944,9.21,6.3,7.5
10600,진해만,20,34°56´16˝,34.9377777777778,128°28´03˝,128.4675,패류,2015,8,8,맑음,16,19.12,9.5,33.17,7.58,1.72,1.91,0.119,0.068,0.019,0.206,0.486,0.065,0.068,1.229,7.13,64.1,8
10601,진해만,21,34°56´51˝,34.9475,128°29´45˝,128.495833333333,패류,2015,8,8,맑음,15,19.12,8.9,33.18,7.47,0.51,1.7,0.219,0.029,0.017,0.265,0.476,0.077,0.092,2.378,2.95,2.5,8
10603,진해만,23,34°55´11˝,34.9197222222222,128°33´43˝,128.561944444444,패류,2015,8,8,맑음,19,18.79,8.92,33.24,7.57,1.64,2.36,0.026,0.125,0.022,0.174,0.432,0.042,0.047,1.259,2.74,4.5,5.5
10604,진해만,24,34°54´34˝,34.9094444444444,128°36´30˝,128.608333333333,패류,2015,8,8,맑음,12,19.7,6.45,33.1,7.45,0.45,2.41,0.165,0.028,0.012,0.206,0.497,0.06,0.081,1.112,2.53,6.6,2.5
10605,진해만,25,34°56´53˝,34.9480555555556,128°33´47˝,128.563055555556,패류,2015,8,8,맑음,23,18.31,9.9,33.28,7.51,0.48,1.99,0.224,0.041,0.013,0.278,0.393,0.073,0.087,2.297,1.07,4,4
10606,진해만,26,34°58´37˝,34.9769444444445,128°36´04˝,128.601111111111,패류,2015,8,8,맑음,20,18.65,9.9,33.24,7.5,0.51,1.81,0.28,0.007,0.003,0.29,0.366,0.078,0.091,2.476,1.03,3.9,8
10607,진해만,27,34°57´53˝,34.9647222222222,128°38´48˝,128.646666666667,패류,2015,8,8,맑음,13,20.36,6.4,33.01,7.61,2.15,2.08,0.065,0.03,0.01,0.105,0.408,0.03,0.041,0.967,4.82,5.1,5
10667,통영,4,34°51´30˝,34.8583333333333,128°25´29˝,128.424722222222,우렁쉥이,2015,8,6,-,6,20.45,10.96,33.58,7.64,0.42,3.7,0.087,0.136,0.012,0.235,0.703,0.156,0.181,0.944,10.69,5.6,2.5
10668,통영,5,34°51´43˝,34.8619444444445,128°23´41˝,128.394722222222,연안,2015,8,6,-,9,19.97,10.8,33.67,7.73,0.37,2.35,0.071,0.141,0.013,0.225,0.455,0.128,0.136,0.577,10.59,5.6,2.5
10669,통영,6,34°51´45˝,34.8625,128°22´10˝,128.369444444444,어류,2015,8,6,-,10,19.42,10.23,33.84,7.94,2.3,2.23,0.062,0.135,0.008,0.205,0.215,0.051,0.061,0.557,14.26,4.8,5
10674,고성자란만,4,34°55´55˝,34.9319444444444,128°19´11˝,128.319722222222,어류,2015,8,6,-,6,22.7,6.12,33.23,7.9,2.86,1.07,0.044,0.068,0.008,0.119,0.24,0.037,0.081,0.795,10.79,5.2,2.5
10675,고성자란만,5,34°54´52˝,34.9144444444444,128°13´49˝,128.230277777778,패류,2015,8,6,-,9,22.19,7.16,32.99,7.95,2.65,4.45,0.032,0.014,0.004,0.05,0.693,0.028,0.034,0.572,12.08,4.6,6
10751,한림,1,33°27´54˝,33.465,126°18´39˝,126.310833333333,연안,2015,8,4,맑음,1,0,25.1,0,0,0,0,0,0,0,0,0,0,0,0,0,0,0
10754,조천,1,33°33´35˝,33.5597222222222,126°48´52˝,126.814444444444,연안,2015,8,4,맑음,1,0,24.8,0,0,0,0,0,0,0,0,0,0,0,0,0,0,0
10764,대정,1,33°14´46˝,33.2461111111111,126°11´43˝,126.195277777778,연안,2015,8,3,맑음,1,0,24.8,0,0,0,0,0,0,0,0,0,0,0,0,0,0,0
10770,표선,1,33°18´03˝,33.3008333333333,126°50´06˝,126.835,연안,2015,8,3,맑음,1,0,25.9,0,0,0,0,0,0,0,0,0,0,0,0,0,0,0
10778,가막만,1,34°43´39˝,34.7275,127°40´04˝,127.667777777778,패류,2015,6,13,"흐림,안개",8.2,20,3.45,32.85,7.41,0.52,2.08,0.013,0.003,0,0.016,0.186,0.005,0.031,0.931,22.19,1.8,2.1
10921,마산만,5,35°09´01˝,35.1502777777778,128°35´40˝,128.594444444444,패류,2015,6,4,맑음,14,16,4.49,33.53,7.68,2.39,1.4,0.009,0.001,0.001,0.011,0.195,0.004,0.024,0.769,2.51,4.1,2
10922,마산만,6,35°11´48˝,35.1966666666667,128°35´05˝,128.584722222222,패류,2015,6,4,맑음,6,17.92,2.7,32.89,7.65,2.95,2.3,0.012,0.001,0.001,0.013,0.3,0.011,0.054,0.88,15.45,8.6,1.5
10931,진해만,15,34°59´02˝,34.9838888888889,128°27´10˝,128.452777777778,패류,2015,6,4,맑음,18,14.73,6.03,33.88,7.68,2.75,1.24,0.078,0.037,0.009,0.125,0.295,0.02,0.033,1.231,2.39,3.7,5.5
10933,통영,4,34°51´30˝,34.8583333333333,128°25´29˝,128.424722222222,우렁쉥이,2015,6,4,-,5,17.06,6.72,33.63,7.53,2.98,2.99,0.051,0.019,0.002,0.071,0.201,0.019,0.034,0.666,7.75,10.4,3
10953,진해만,17,34°54´52˝,34.9144444444444,128°27´24˝,128.456666666667,패류,2015,6,3,맑음,13,14.22,7.27,33.18,7.5,1.33,1.46,0.013,0.001,0.001,0.016,0.197,0.004,0.021,1.079,3.65,8.4,7
10954,진해만,18,34°54´18˝,34.905,128°25´57˝,128.4325,패류,2015,6,3,맑음,10,15.03,6.26,33.09,7.66,2.85,2.03,0.007,0.001,0.001,0.009,0.268,0.003,0.029,0.822,6.63,6.5,6
10956,진해만,20,34°56´16˝,34.9377777777778,128°28´03˝,128.4675,패류,2015,6,3,맑음,15,14.1,7.23,33.35,7.63,2.72,1.54,0.006,0.002,0.001,0.008,0.158,0.003,0.018,1.075,2.66,5.2,8
10957,진해만,21,34°56´51˝,34.9475,128°29´45˝,128.495833333333,패류,2015,6,3,맑음,14,14.39,6.98,33.23,7.45,0.85,1.51,0.075,0.002,0.001,0.078,0.267,0.017,0.038,0.876,2.23,6.4,6
10959,진해만,23,34°55´11˝,34.9197222222222,128°33´43˝,128.561944444444,패류,2015,6,3,맑음,17,13.7,7.1,33.36,7.6,2.22,1.51,0.049,0.006,0.001,0.057,0.228,0.011,0.027,1.037,3.58,5.2,4
11010,한림,1,33°27´54˝,33.465,126°18´39˝,126.310833333333,연안,2015,6,2,맑음,1,0,18.02,0,0,0,0,0,0,0,0,0,0,0,0,0,0,0
11013,조천,1,33°33´35˝,33.5597222222222,126°48´52˝,126.814444444444,연안,2015,6,2,맑음,1,0,18.56,0,0,0,0,0,0,0,0,0,0,0,0,0,0,0
11024,대정,1,33°14´46˝,33.2461111111111,126°11´43˝,126.195277777778,연안,2015,6,1,맑음,1,0,17.44,0,0,0,0,0,0,0,0,0,0,0,0,0,0,0
11030,표선,1,33°18´03˝,33.3008333333333,126°50´06˝,126.835,연안,2015,6,1,맑음,1,0,18.44,0,0,0,0,0,0,0,0,0,0,0,0,0,0,0
11037,표선,1,33°18´03˝,33.3008333333333,126°50´06˝,126.835,연안,2015,4,27,맑음,1,0,15.66,0,0,0,0,0,0,0,0,0,0,0,0,0,0,0
11056,대정,1,33°14´46˝,33.2461111111111,126°11´43˝,126.195277777778,연안,2015,4,21,맑음,1,0,14.44,0,0,0,0,0,0,0,0,0,0,0,0,0,0,0
11082,한림,1,33°27´54˝,33.465,126°18´39˝,126.310833333333,연안,2015,4,17,맑음,1,0,14.64,0,0,0,0,0,0,0,0,0,0,0,0,0,0,0
11085,조천,1,33°33´35˝,33.5597222222222,126°48´52˝,126.814444444444,연안,2015,4,16,맑음,1,0,13.28,0,0,0,0,0,0,0,0,0,0,0,0,0,0,0
11319,대정,1,33°14´46˝,33.2461111111111,126°11´43˝,126.195277777778,연안,2015,2,12,맑음,1,0,13.93,0,0,0,0,0,0,0,0,0,0,0,0,0,0,0
11324,표선,1,33°18´03˝,33.3008333333333,126°50´06˝,126.835,연안,2015,2,12,맑음,1,0,15.57,0,0,0,0,0,0,0,0,0,0,0,0,0,0,0
11346,한림,1,33°27´54˝,33.465,126°18´39˝,126.310833333333,연안,2015,2,11,맑음,1,0,14.53,0,0,0,0,0,0,0,0,0,0,0,0,0,0,0
11354,조천,1,33°33´35˝,33.5597222222222,126°48´52˝,126.814444444444,연안,2015,2,11,맑음,1,0,12.57,0,0,0,0,0,0,0,0,0,0,0,0,0,0,0
11528,부산,1,35°09´55˝,35.1652777777778,129°13´38˝,129.227222222222,연안,2015,2,2,맑음,40,12.04,0.0599999999999987,26.86,7.4,0.28,0.77,0.021,0.103,0.007,0.131,0.186,0.018,0.022,0.335,1.19,9.4,3
11571,표선,12,33°18´03˝,33.3008333333333,126°50´06˝,126.835,연안,2014,12,19,맑음,1,0,16.55,0,0,0,0,0,0,0,0,0,0,0,0,0,0,0
11796,표선,12,33°18´03˝,33.3008333333333,126°50´06˝,126.835,연안,2014,10,28,맑음,1,0,20.3,0,0,0,0,0,0,0,0,0,0,0,0,0,0,0
12000,진해만,30,35°05´20˝,35.0888888888889,128°31´38˝,128.527222222222,패류,2014,10,9,맑음,12,21.49,0.550000000000001,32.37,7.31,1.62,1.13,0.105,0.022,0.012,0.071,0.373,0.031,0.058,0.878,3.02,4.17,7
12001,진해만,31,35°05´07˝,35.0852777777778,128°28´57˝,128.4825,패류,2014,10,9,맑음,10,21.49,0.420000000000002,32.29,7.41,1.8,1.45,0.155,0.028,0.01,0.072,0.295,0.04,0.042,1.091,1.03,1.8,5
12004,진해만,34,35°01´44˝,35.0288888888889,128°30´00˝,128.5,패류,2014,10,9,맑음,20,21.36,0.609999999999999,32.74,7.48,1.22,1.26,0.19,0.017,0.009,0.036,0.444,0.043,0.06,0.977,1.82,2.86,4
12006,진해만,36,34°59´57˝,34.9991666666667,128°29´38˝,128.493888888889,패류,2014,10,9,맑음(바람),24,21.41,0.0899999999999999,32.7,7.47,1.2,1.34,0.194,0.013,0.007,0.042,0.493,0.059,0.084,1.552,1.2,3.8,9
12007,진해만,37,34°59´02˝,34.9838888888889,128°27´10˝,128.452777777778,패류,2014,10,9,맑음(바람),20,21.5,0.140000000000001,32.42,7.42,1.93,1.52,0.198,0.011,0.004,0.019,0.478,0.052,0.075,1.499,1.34,2,6.5
12008,진해만,38,34°57´01˝,34.9502777777778,128°26´44˝,128.445555555556,패류,2014,10,9,맑음(바람),20,21.5,0.0799999999999983,32.56,7.39,1.38,1.42,0.153,0.01,0.004,0.018,0.445,0.04,0.063,1.193,2.04,2.8,5.5
12020,진해만,45,34°55´11˝,34.9197222222222,128°33´43˝,128.561944444444,패류,2014,10,8,맑음,19,21.41,0.199999999999999,32.52,7.41,1.22,1.45,0.01,0.023,0.011,0.046,0.361,0.018,0.04,0.553,7.12,5.6,8.5
12022,진해만,47,34°56´53˝,34.9480555555556,128°33´47˝,128.563055555556,패류,2014,10,8,맑음,22,21.25,0.780000000000001,32.75,7.47,1.22,1.18,0.125,0.022,0.011,0.049,0.42,0.04,0.05,1.251,11.23,3.5,8
12044,표선,12,33°18´03˝,33.3008333333333,126°50´06˝,126.835,연안,2014,8,27,맑음,0,0,21.88,0,0,0,0,0,0,0,0,0,0,0,0,0,0,0
12193,마산만,20,35°08´14˝,35.1372222222222,128°40´48˝,128.68,패류,2014,8,6,맑음,7,23.31,2.28,31.91,7.53,2.34,1.52,0.216,0.037,0.007,0.26,0.353,0.027,0.04,0.765,2.18,6.4,3
12200,진해만,43,34°55´06˝,34.9183333333333,128°30´39˝,128.510833333333,패류,2014,8,6,맑음,14,21.34,3.18,33.36,7.52,2.52,0.91,0.047,0.01,0.013,0.07,0.184,0.019,0.025,0.753,1.86,67.3,5.5
12201,진해만,44,34°56´51˝,34.9475,128°29´45˝,128.495833333333,패류,2014,8,6,맑음,16,21.3,3.8,33.34,7.58,2.99,0.94,0.043,0.008,0.012,0.062,0.192,0.017,0.025,0.704,2.08,12.9,8
12202,진해만,45,34°55´11˝,34.9197222222222,128°33´43˝,128.561944444444,패류,2014,8,6,맑음,19,19.68,5.77,33.54,7.45,1.65,0.93,0.092,0.025,0.022,0.139,0.266,0.033,0.044,1.389,2.27,4.5,4.5
12204,진해만,47,34°56´53˝,34.9480555555556,128°33´47˝,128.563055555556,패류,2014,8,6,맑음,23,21.67,3.52,32.99,7.38,2,1.41,0.035,0.024,0.012,0.071,0.21,0.018,0.028,0.816,5.41,5.1,4
12205,진해만,48,34°58´37˝,34.9769444444445,128°36´04˝,128.601111111111,패류,2014,8,6,맑음,22,18.19,7.68,33.8,7.47,2.05,0.94,0.029,0.057,0.023,0.109,0.307,0.033,0.042,1.091,1.84,4.7,6
12231,마산만,21,35°07´18˝,35.1216666666667,128°36´07˝,128.601944444444,패류,2014,8,5,흐림,14,21.48,2.98,33.15,7.58,1.96,1.66,0.141,0.009,0.004,0.154,0.358,0.029,0.042,0.508,1.31,6.6,5
12232,마산만,22,35°09´01˝,35.1502777777778,128°35´40˝,128.594444444444,패류,2014,8,5,흐림,13,21.65,2.8,33.11,7.61,2.35,1.58,0.11,0.012,0.006,0.128,0.272,0.026,0.036,0.698,1.47,8.4,5
12237,진해만,30,35°05´20˝,35.0888888888889,128°31´38˝,128.527222222222,패류,2014,8,5,맑음,13,22.2,2.92,33.15,7.49,2.12,1.22,0.063,0.009,0.004,0.076,0.208,0.016,0.024,0.528,0.87,13.5,2
12241,진해만,34,35°01´44˝,35.0288888888889,128°30´00˝,128.5,패류,2014,8,5,맑음,20,20.44,5.05,33.41,7.32,2.27,1.1,0.078,0.01,0.009,0.096,0.208,0.019,0.026,0.673,0.81,7.6,4
12242,진해만,35,35°00´40˝,35.0111111111111,128°33´39˝,128.560833333333,패류,2014,8,5,흐림,24,18.24,6.29,33.78,7.58,2.8,0.82,0.015,0.086,0.026,0.127,0.286,0.034,0.042,1.231,1.75,6.4,2.5
12243,진해만,36,34°59´57˝,34.9991666666667,128°29´38˝,128.493888888889,패류,2014,8,5,맑음,23,18.14,7.52,33.77,7.46,2.26,0.91,0.079,0.029,0.023,0.132,0.211,0.027,0.032,1.62,1.39,3.7,8
12244,진해만,37,34°59´02˝,34.9838888888889,128°27´10˝,128.452777777778,패류,2014,8,5,맑음,19,19.41,6.49,33.43,7.6,2.51,1.04,0.141,0.005,0.008,0.154,0.255,0.034,0.046,1.305,1.43,4.5,9
12245,진해만,38,34°57´01˝,34.9502777777778,128°26´44˝,128.445555555556,패류,2014,8,5,맑음,20,20.32,4.69,33.46,7.6,2.84,0.88,0.058,0.007,0.012,0.077,0.193,0.019,0.028,0.79,1.28,6.7,7
12400,표선,12,33°18´03˝,33.3008333333333,126°50´06˝,126.835,연안,2014,6,12,맑음,0,0,17.68,0,0,0,0,0,0,0,0,0,0,0,0,0,0,0
12440,마산만,20,35°08´14˝,35.1372222222222,128°40´48˝,128.68,패류,2014,6,6,맑음,7,17.32,1.85,33.59,7.73,2.22,1.21,0.073,0.003,0.002,0.079,0.537,0.008,0.037,0.846,13.15,21.7,2.5
12441,마산만,21,35°07´18˝,35.1216666666667,128°36´07˝,128.601944444444,패류,2014,6,6,흐림,15,17,2.1,33.63,7.75,2.64,0.76,0.052,0.009,0.007,0.068,0.158,0.028,0.031,1.242,0.9,4.3,3.5
12442,마산만,22,35°09´01˝,35.1502777777778,128°35´40˝,128.594444444444,패류,2014,6,6,흐림,13,17.02,2.08,33.55,7.69,2.63,1.06,0.089,0.017,0.011,0.117,0.217,0.026,0.035,1.301,1.12,2.6,3.5
12458,진해만,45,34°55´11˝,34.9197222222222,128°33´43˝,128.561944444444,패류,2014,6,5,비,19,15.48,3.5,33.42,7.73,2.7,1.34,0.028,0.026,0.014,0.068,0.162,0.016,0.032,1.866,1.93,3.9,6
12460,진해만,47,34°56´53˝,34.9480555555556,128°33´47˝,128.563055555556,패류,2014,6,5,비,23,15.07,3.52,33.48,7.72,1.8,1.61,0.116,0.08,0.032,0.228,0.251,0.034,0.048,2.584,0.69,3.5,6
12461,진해만,48,34°58´37˝,34.9769444444445,128°36´04˝,128.601111111111,패류,2014,6,5,비,22,15.43,3.21,33.48,7.75,2.5,1.13,0.077,0.083,0.034,0.194,0.235,0.03,0.041,2.65,0.45,4,7
12462,진해만,49,34°57´53˝,34.9647222222222,128°38´48˝,128.646666666667,패류,2014,6,5,비,14,15.77,2.46,33.48,7.79,2.9,1.3,0.068,0.041,0.019,0.128,0.201,0.024,0.034,1.933,1.15,9.3,7
12474,진해만,30,35°05´20˝,35.0888888888889,128°31´38˝,128.527222222222,패류,2014,6,4,흐림,13,16.47,3.71,33.27,7.55,0.34,0.71,0.037,0.006,0.003,0.045,0.189,0.028,0.036,1.862,2.47,4.3,5.5
12477,진해만,33,35°03´12˝,35.0533333333333,128°30´58˝,128.516111111111,패류,2014,6,4,흐림(바람),17,16.72,3.04,33.48,7.73,2.97,0.64,0.016,0.004,0.001,0.021,0.124,0.011,0.016,0.96,1.36,3.8,6.5
12478,진해만,34,35°01´44˝,35.0288888888889,128°30´00˝,128.5,패류,2014,6,4,맑음,20,16.37,3.83,33.51,7.5,1.46,0.42,0.017,0.01,0.008,0.035,0.122,0.017,0.023,0.961,0.6,3.4,7
12479,진해만,35,35°00´40˝,35.0111111111111,128°33´39˝,128.560833333333,패류,2014,6,4,흐림(바람),22,15.62,3.79,33.54,7.69,2.58,0.52,0.042,0.056,0.024,0.122,0.16,0.02,0.034,2.206,0.68,3.1,7
12480,진해만,36,34°59´57˝,34.9991666666667,128°29´38˝,128.493888888889,패류,2014,6,4,맑음(바람),23,15.43,4.25,33.44,7.61,2.08,0.56,0.042,0.035,0.02,0.097,0.195,0.03,0.034,2.472,0.55,5.1,7
12481,진해만,37,34°59´02˝,34.9838888888889,128°27´10˝,128.452777777778,패류,2014,6,4,맑음(바람),18,15.89,4.06,33.4,7.54,1.43,0.85,0.016,0.017,0.003,0.036,0.14,0.023,0.027,1.983,1.35,3.1,6
12482,진해만,38,34°57´01˝,34.9502777777778,128°26´44˝,128.445555555556,패류,2014,6,4,맑음(바람),18,16.08,3.69,33.26,7.63,2.05,1.17,0.017,0.01,0.002,0.029,0.174,0.016,0.024,1.437,2.06,4.7,5
12483,진해만,39,34°54´52˝,34.9144444444444,128°27´24˝,128.456666666667,패류,2014,6,4,맑음(바람),15,18.03,1.89,33.14,7.46,0.57,1.11,0.012,0.006,0.001,0.019,0.185,0.006,0.021,0.991,3.79,3.5,5
12484,진해만,40,34°54´18˝,34.905,128°25´57˝,128.4325,패류,2014,6,4,맑음(바람),13,18.38,1.27,33.02,7.47,0.3,1.21,0.007,0.016,0.001,0.024,0.133,0.002,0.017,0.48,3.28,9.3,5
12486,진해만,42,34°56´16˝,34.9377777777778,128°28´03˝,128.4675,패류,2014,6,4,맑음(바람),17,16.6,2.98,33.36,7.54,0.81,1.38,0.047,0.016,0.002,0.065,0.125,0.01,0.025,1.912,2.23,6.5,7
12597,표선,12,33°18´03˝,33.3008333333333,126°50´06˝,126.835,연안,2014,4,8,맑음,0,0,16.55,0,0,0,0,0,0,0,0,0,0,0,0,0,0,0
12933,표선,12,33°18´03˝,33.3008333333333,126°50´06˝,126.835,연안,2014,2,10,맑음,1,0,16.1,0,0,0,0,0,0,0,0,0,0,0,0,0,0,0
13010,한림,1,33°27´54˝,33.465,126°18´39˝,126.310833333333,마을어장,2013,12,24,-,1,0,15.5,0,0,0,0,0,0,0,0,0,0,0,0,0,0,0
13013,조천,1,33°33´35˝,33.5597222222222,126°48´52˝,126.814444444444,마을어장,2013,12,24,-,1,0,15.4,0,0,0,0,0,0,0,0,0,0,0,0,0,0,0
13018,대정,1,33°14´46˝,33.2461111111111,126°11´43˝,126.195277777778,마을어장,2013,12,23,-,1,0,15.84,0,0,0,0,0,0,0,0,0,0,0,0,0,0,0
13024,표선,1,33°18´03˝,33.3008333333333,126°50´06˝,126.835,마을어장,2013,12,23,-,1,0,16.1,0,0,0,0,0,0,0,0,0,0,0,0,0,0,0
13269,한림,1,33°27´54˝,33.465,126°18´39˝,126.310833333333,마을어장,2013,10,30,-,1,0,19.58,0,0,0,0,0,0,0,0,0,0,0,0,0,0,0
13272,조천,1,33°33´35˝,33.5597222222222,126°48´52˝,126.814444444444,마을어장,2013,10,30,-,1,0,19.76,0,0,0,0,0,0,0,0,0,0,0,0,0,0,0
13277,대정,1,33°14´46˝,33.2461111111111,126°11´43˝,126.195277777778,마을어장,2013,10,29,-,1,0,22.14,0,0,0,0,0,0,0,0,0,0,0,0,0,0,0
13283,표선,1,33°18´03˝,33.3008333333333,126°50´06˝,126.835,마을어장,2013,10,29,-,1,0,19.89,0,0,0,0,0,0,0,0,0,0,0,0,0,0,0
13436,진해만,24,34°56´44˝,34.9455555555556,128°34´01˝,128.566944444444,패류,2013,10,5,-,22,23.13,0.600000000000001,32.34,7.36,0.37,2.07,0.006,0.002,0,0.008,0.141,0.007,0.023,0.022,8.08,3.9,5
13437,진해만,25,34°58´30˝,34.975,128°36´00˝,128.6,패류,2013,10,5,-,21,21.75,1.9,32.68,7.37,0.39,1.41,0.145,0.004,0,0.15,0.315,0.034,0.052,0.503,4.1,5.7,6
13444,진해만,12,35°01´44˝,35.0288888888889,128°30´00˝,128.5,패류,2013,10,4,-,19,23.93,0.34,31.85,7.51,0.48,2.61,0.046,0.01,0.001,0.056,0.207,0.019,0.029,0.197,8.78,4.5,4
13445,진해만,13,35°00´40˝,35.0111111111111,128°33´39˝,128.560833333333,패류,2013,10,4,-,24,21.17,1.93,32.99,7.38,0.38,2.32,0.228,0.009,0.002,0.239,0.303,0.052,0.065,0.849,1.63,3.5,6
13446,진해만,14,34°59´57˝,34.9991666666667,128°29´38˝,128.493888888889,패류,2013,10,4,-,22,23.04,0.880000000000003,32.33,7.41,0.57,2.25,0.106,0.013,0.003,0.122,0.23,0.027,0.041,0.472,2.84,3.6,7
13447,진해만,15,34°59´02˝,34.9838888888889,128°27´10˝,128.452777777778,패류,2013,10,4,-,18,23.7,0.210000000000001,32.19,7.52,0.44,2,0.038,0.008,0,0.046,0.151,0.012,0.027,0.154,3.91,3.7,8
13463,마산만,4,35°07´18˝,35.1216666666667,128°36´07˝,128.601944444444,패류,2013,10,3,-,14,23.78,0.23,31.41,7.71,2.05,2.83,0.154,0.027,0.005,0.186,0.318,0.038,0.06,0.309,10.55,6,4
13465,마산만,6,35°11´48˝,35.1966666666667,128°35´05˝,128.584722222222,패류,2013,10,3,-,6,23.82,0.34,31.29,7.69,2.52,3.48,0.357,0.029,0.006,0.392,0.575,0.075,0.093,0.679,4.86,4.6,2
13585,사천,1,34°55´65˝,34.9347222222222,128°18´80˝,128.322222222222,패류,2013,8,13,-,21,16.15,6.51,33.52,7.62,2.89,2.26,0.015,0.009,0.003,0.027,0.07,0.014,0.021,0.773,0.73,0,3
13588,사천,4,34°53´68˝,34.9022222222222,128°10´99˝,128.194166666667,어류,2013,8,13,-,8,20.05,8.46,33.32,7.62,2.65,4.04,0.011,0.004,0,0.016,0.091,0.008,0.027,0.759,4.7,0,3
13592,가막만,1,34°43´34˝,34.7261111111111,127°40´04˝,127.667777777778,패류,2013,8,13,-,8.5,23.35,5.62,32.84,7.66,2.37,0.93,0.022,0.001,0.001,0.024,0.092,0.012,0.032,0.909,1.68,8.2,2.7
13613,고성자란만,3,34°48´71˝,34.8197222222222,128°16´99˝,128.294166666667,패류,2013,8,12,-,9,19.53,8.45,33.3,7.76,1.41,6.06,0.103,0.007,0,0.111,0.164,0.021,0.027,0.954,5.5,0,3
13614,고성자란만,4,34°51´83˝,34.8730555555556,128°17´11˝,128.286388888889,패류,2013,8,12,-,6,21.55,7.81,33.27,7.8,1.58,5.58,0.034,0.004,0,0.038,0.093,0.02,0.021,0.829,9.12,0,2
13615,고성자란만,5,34°53´03˝,34.8841666666667,128°13´65˝,128.234722222222,연안,2013,8,12,-,8.8,19.67,8.86,33.38,7.84,1.18,3.64,0.03,0.003,0,0.034,0.055,0.019,0.026,1.075,3.5,0,3
13652,진해만,6,35°01´18˝,35.0216666666667,128°38´00˝,128.633333333333,패류,2013,8,9,-,26,16.4,10.42,33.73,7.55,2.59,1.11,0.029,0.035,0.003,0.067,0.157,0.048,0.051,1.539,2.74,14.7,10.5
13653,진해만,20,34°55´06˝,34.9183333333333,128°30´39˝,128.510833333333,패류,2013,8,9,-,14,17.8,5.72,33.5,7.54,2.01,1.25,0.056,0.033,0.004,0.093,0.103,0.067,0.074,1.431,1.42,23.5,4.8
13655,진해만,22,34°55´11˝,34.9197222222222,128°33´44˝,128.562222222222,패류,2013,8,9,-,19,16,8.37,33.62,7.41,0.57,2.52,0.008,0.007,0,0.015,0.305,0.033,0.057,0.983,7,8.5,7
13656,진해만,23,34°54´34˝,34.9094444444444,128°36´30˝,128.608333333333,패류,2013,8,9,-,12,18.37,8.02,33.42,7.42,1.09,1.89,0.01,0.004,0,0.015,0.196,0.059,0.065,0.717,3.17,17.9,4
13657,진해만,24,34°56´44˝,34.9455555555556,128°34´01˝,128.566944444444,패류,2013,8,9,-,21,15.38,12.38,33.89,7.52,1.91,2.05,0.055,0.101,0.021,0.178,0.224,0.065,0.071,1.396,2.68,9.1,7
13658,진해만,25,34°58´30˝,34.975,128°36´00˝,128.6,패류,2013,8,9,-,20,15.8,11.85,33.81,7.56,2.03,1.24,0.01,0.007,0.001,0.017,0.161,0.016,0.023,0.81,2.88,14.3,6
13659,진해만,26,34°58´09˝,34.9691666666667,128°37´41˝,128.628055555556,패류,2013,8,9,-,12,17.29,10.18,33.6,7.58,2.05,2.78,0.01,0.007,0.001,0.017,0.166,0.021,0.034,0.415,3.69,9.7,7
13681,한림,1,33°27´54˝,33.465,126°18´39˝,126.310833333333,마을어장,2013,8,9,-,1,0,22.9,0,0,0,0,0,0,0,0,0,0,0,0,0,0,0
13684,조천,1,33°33´35˝,33.5597222222222,126°48´52˝,126.814444444444,마을어장,2013,8,9,-,1,0,22.7,0,0,0,0,0,0,0,0,0,0,0,0,0,0,0
13698,진해만,12,35°01´44˝,35.0288888888889,128°30´00˝,128.5,패류,2013,8,8,-,18,15.71,10.8,33.86,7.63,2.96,1.94,0.024,0.081,0.007,0.112,0.156,0.065,0.068,1.704,3.23,8.7,5.4
13700,진해만,14,34°59´57˝,34.9991666666667,128°29´38˝,128.493888888889,패류,2013,8,8,-,21,15.69,9.83,33.84,7.62,2.75,1.54,0.111,0.233,0.028,0.372,0.382,0.11,0.111,2.416,0.93,12.7,8.2
13702,진해만,16,34°57´01˝,34.9502777777778,128°26´44˝,128.445555555556,패류,2013,8,8,-,16,16.52,7.65,33.56,7.58,1.8,2.39,0.012,0.002,0,0.014,0.204,0.059,0.066,1.985,2.47,9.7,8.5
13703,진해만,17,34°54´52˝,34.9144444444444,128°27´24˝,128.456666666667,패류,2013,8,8,-,12,17.72,6.33,33.45,7.63,2.26,2.82,0.011,0.047,0,0.058,0.137,0.039,0.04,0.874,1.15,5.5,3.5
13707,통영,4,34°45´23˝,34.7563888888889,128°24´94˝,128.426111111111,패류,2013,8,8,-,6.5,18.56,13.05,33.49,7.99,0.88,4.55,0.196,0.004,0,0.2,0.226,0.072,0.083,1.2,4.64,0,2
13708,통영,5,34°51´76˝,34.8711111111111,128°24´80˝,128.422222222222,우렁쉥이,2013,8,8,-,8.3,18.23,12.28,33.61,7.86,1.41,3.29,0.149,0.006,0,0.155,0.18,0.06,0.066,1.864,2.71,0,3
13709,통영,6,34°51´86˝,34.8738888888889,128°23´87˝,128.4075,패류,2013,8,8,-,8.8,17.83,8.13,33.57,7.87,1.05,4.59,0.037,0.009,0.001,0.046,0.078,0.022,0.028,1.427,6.29,0,4
13713,통영외안,4,34°45´43˝,34.7619444444444,128°12´87˝,128.224166666667,어류,2013,8,8,-,9.8,17.34,8.47,33.68,7.91,2.79,3.05,0.053,0.005,0.001,0.058,0.074,0.019,0.026,0.899,3.34,0,3
13721,대정,1,33°14´46˝,33.2461111111111,126°11´43˝,126.195277777778,마을어장,2013,8,8,-,1,0,21.2,0,0,0,0,0,0,0,0,0,0,0,0,0,0,0
13727,표선,1,33°18´03˝,33.3008333333333,126°50´06˝,126.835,마을어장,2013,8,8,-,1,0,21.8,0,0,0,0,0,0,0,0,0,0,0,0,0,0,0
13739,마산만,4,35°07´18˝,35.1216666666667,128°36´07˝,128.601944444444,패류,2013,8,7,-,13,17.66,9.11,33.56,7.52,1.41,2.21,0.05,0.006,0,0.057,0.203,0.049,0.051,1.276,2.8,14.2,4
13740,마산만,5,35°09´01˝,35.1502777777778,128°35´40˝,128.594444444444,패류,2013,8,7,-,11,17.59,9.17,33.52,7.53,1.33,2.47,0.153,0.039,0.008,0.2,0.335,0.086,0.086,1.481,6.51,9,2
13741,마산만,6,35°11´48˝,35.1966666666667,128°35´05˝,128.584722222222,패류,2013,8,7,-,5,23.38,2.88,32.46,7.64,2.32,3.55,0.079,0.023,0.003,0.104,0.447,0.051,0.078,1.073,19.45,8.7,1.2
13877,한림,1,33°27´54˝,33.465,126°18´39˝,126.310833333333,마을어장,2013,6,13,-,1,0,18.7,0,0,0,0,0,0,0,0,0,0,0,0,0,0,0
13880,조천,1,33°33´35˝,33.5597222222222,126°48´52˝,126.814444444444,마을어장,2013,6,13,-,1,0,18,0,0,0,0,0,0,0,0,0,0,0,0,0,0,0
13899,대정,1,33°14´46˝,33.2461111111111,126°11´43˝,126.195277777778,마을어장,2013,6,12,-,1,0,17.6,0,0,0,0,0,0,0,0,0,0,0,0,0,0,0
13905,표선,1,33°18´03˝,33.3008333333333,126°50´06˝,126.835,마을어장,2013,6,12,-,1,0,17.7,0,0,0,0,0,0,0,0,0,0,0,0,0,0,0
13997,진해만,21,34°56´51˝,34.9475,128°29´45˝,128.495833333333,패류,2013,6,5,-,14,16.56,5.5,32.96,7.54,2.38,1.77,0.004,0.004,0,0.008,0.188,0.003,0.024,0.585,5.83,3.3,8
14013,진해만,8,35°05´20˝,35.0888888888889,128°31´38˝,128.527222222222,패류,2013,6,4,-,11,17.03,3.69,33.1,7.51,1.56,1.69,0.006,0.004,0,0.01,0.134,0.001,0.022,1.092,6.08,3.8,7
14020,진해만,15,34°59´02˝,34.9838888888889,128°27´10˝,128.452777777778,패류,2013,6,4,-,16,16.09,5.85,32.93,7.62,2.84,1.29,0.027,0.01,0,0.038,0.231,0.004,0.026,1.119,2.68,3.9,4
14022,진해만,17,34°54´52˝,34.9144444444444,128°27´24˝,128.456666666667,패류,2013,6,4,-,14,15.67,6.56,32.84,7.56,2.66,1.43,0.002,0.002,0,0.005,0.18,0.001,0.017,0.718,7.17,3.8,6
14223,한림,1,33°27´54˝,33.465,126°18´39˝,126.310833333333,마을어장,2013,4,5,-,1,0,16.02,0,0,0,0,0,0,0,0,0,0,0,0,0,0,0
14226,조천,1,33°33´35˝,33.5597222222222,126°48´52˝,126.814444444444,마을어장,2013,4,5,-,1,0,16.14,0,0,0,0,0,0,0,0,0,0,0,0,0,0,0
14249,대정,1,33°14´46˝,33.2461111111111,126°11´43˝,126.195277777778,마을어장,2013,4,4,-,1,0,16.5,0,0,0,0,0,0,0,0,0,0,0,0,0,0,0
14255,표선,1,33°18´03˝,33.3008333333333,126°50´06˝,126.835,마을어장,2013,4,4,-,1,0,17.36,0,0,0,0,0,0,0,0,0,0,0,0,0,0,0
14335,한림,1,33°27´54˝,33.465,126°18´39˝,126.310833333333,마을어장,2013,2,22,-,1,0,14.13,0,0,0,0,0,0,0,0,0,0,0,0,0,0,0
14338,조천,1,33°33´35˝,33.5597222222222,126°48´52˝,126.814444444444,마을어장,2013,2,22,-,1,0,13.79,0,0,0,0,0,0,0,0,0,0,0,0,0,0,0
14358,대정,1,33°14´46˝,33.2461111111111,126°11´43˝,126.195277777778,마을어장,2013,2,21,-,1,0,14.89,0,0,0,0,0,0,0,0,0,0,0,0,0,0,0
14364,표선,1,33°18´03˝,33.3008333333333,126°50´06˝,126.835,마을어장,2013,2,21,-,1,0,15.46,0,0,0,0,0,0,0,0,0,0,0,0,0,0,0
14854,진해만,41,34°59´20˝,34.9888888888889,128°36´18˝,128.605,패류,2012,10,12,-,18.5,19.67,0.949999999999999,31.78,7.87,2.74,1.15,0.063,0.122,0.027,0.212,0.395,0.044,0.055,1.011,1.2,2.55,4
14857,진해만,44,34°58´11˝,34.9697222222222,128°37´17˝,128.621388888889,패류,2012,10,12,-,18.5,21.41,0.0500000000000007,30.64,7.84,2.51,1.93,0.005,0.162,0.03,0.198,0.396,0.043,0.057,0.899,1.65,1.3,4
14859,진해만,38,34°54´50˝,34.9138888888889,128°36´10˝,128.602777777778,패류,2012,10,10,-,17,21.05,0.0799999999999983,31.35,7.87,2.32,1.22,0.012,0.206,0.02,0.238,0.468,0.046,0.058,1.018,2.05,2.4,4.5
14860,진해만,39,34°56´00˝,34.9333333333333,128°33´03˝,128.550833333333,패류,2012,10,10,-,18,21.11,0.0199999999999996,31.33,7.84,1.88,1.18,0.005,0.233,0.016,0.254,0.386,0.055,0.065,1.142,7.33,3.8,6
14861,진해만,40,34°57´26˝,34.9572222222222,128°33´48˝,128.563333333333,패류,2012,10,10,-,21,20.74,0.430000000000003,31.67,7.76,0.57,1.09,0.078,0.169,0.016,0.263,0.453,0.065,0.077,1.524,0.49,17.7,4.3
14867,진해만,23,35°11´57˝,35.1991666666667,128°35´08˝,128.585555555556,패류,2012,10,9,-,5,20.5,0.440000000000001,29.78,7.89,2.86,1.51,0.286,0.093,0.024,0.403,0.577,0.055,0.069,1.175,2.47,6.7,3
14871,진해만,27,35°05´27˝,35.0908333333333,128°31´44˝,128.528888888889,패류,2012,10,9,-,13,21.19,0.349999999999998,29.75,7.99,1.35,1.17,0.028,0.088,0.027,0.144,0.308,0.031,0.04,0.734,1.39,5,4
14874,진해만,30,35°02´35˝,35.0430555555556,128°29´15˝,128.4875,패류,2012,10,9,-,19,20.58,0.73,31.38,8.02,2.42,1.31,0.068,0.093,0.02,0.182,0.346,0.036,0.046,0.779,0.34,2.7,6
14876,진해만,32,34°59´16˝,34.9877777777778,128°29´57˝,128.499166666667,패류,2012,10,9,-,23,20.6,1.24,31.75,7.81,1.44,0.96,0.028,0.225,0.021,0.274,0.425,0.067,0.074,1.478,0.56,2.45,4
14877,진해만,33,34°58´03˝,34.9675,128°27´03˝,128.450833333333,패류,2012,10,9,-,19,20.86,0.890000000000001,31.49,7.81,0.83,1.01,0.039,0.226,0.022,0.287,0.474,0.053,0.07,1.426,1.22,2.05,7
14878,진해만,34,34°58´05˝,34.9680555555556,128°27´18˝,128.455,패류,2012,10,9,-,19,20.89,0.809999999999999,31.48,7.82,0.65,1.04,0.057,0.171,0.03,0.258,0.436,0.058,0.068,1.471,0.83,2.45,6
14879,진해만,35,34°56´40˝,34.9444444444444,128°27´09˝,128.4525,패류,2012,10,9,-,17,21.41,0.16,29.4,7.84,1.13,1.14,0.049,0.204,0.016,0.27,0.523,0.052,0.066,1.27,1.66,2.4,7.5
14880,진해만,36,34°54´03˝,34.9008333333333,128°26´00˝,128.433333333333,패류,2012,10,9,-,14,21.19,0.5,31.07,7.72,0.38,1.36,0.194,0.02,0.007,0.221,0.402,0.074,0.1,1.91,1.84,3.5,8
15010,진해만,38,34°54´50˝,34.9138888888889,128°36´10˝,128.602777777778,패류,2012,8,8,-,16,20.24,5.85,32.55,7.5,0.2,1.48,0.19,0.005,0.002,0.197,0.495,0.043,0.084,1.099,4.58,8,3
15011,진해만,39,34°56´00˝,34.9333333333333,128°33´03˝,128.550833333333,패류,2012,8,8,-,19,19.95,7.01,32.67,7.48,0.2,1.05,0.138,0.005,0.002,0.144,0.357,0.039,0.059,1.357,2.16,4,4
15012,진해만,40,34°57´26˝,34.9572222222222,128°33´48˝,128.563333333333,패류,2012,8,8,-,22,16.51,10.43,33.31,7.52,0.8,0.9,0.124,0.06,0.03,0.214,0.43,0.05,0.066,1.437,2.65,2.15,4
15013,진해만,41,34°59´20˝,34.9888888888889,128°36´18˝,128.605,패류,2012,8,8,-,17,18.73,7.71,32.82,7.53,0.93,0.97,0.056,0.046,0.021,0.122,0.354,0.028,0.046,0.902,3.39,3.6,5.5
15014,진해만,42,35°01´13˝,35.0202777777778,128°37´08˝,128.618888888889,패류,2012,8,8,-,21,18.22,7.15,32.9,7.55,1.3,0.79,0.044,0.094,0.03,0.169,0.323,0.04,0.054,1.215,2.18,2.45,4
15015,진해만,43,35°01´43˝,35.0286111111111,128°39´28˝,128.657777777778,패류,2012,8,8,-,19,18.54,6.38,32.82,7.59,1.37,1.63,0.05,0.044,0.018,0.113,0.333,0.028,0.042,0.827,3.03,4.3,4.2
15016,진해만,44,34°58´11˝,34.9697222222222,128°37´17˝,128.621388888889,패류,2012,8,8,-,15,21.29,4.88,32.24,7.71,2.86,1.19,0.059,0.025,0.011,0.096,0.327,0.023,0.04,0.631,4.15,2.5,5.6
15027,진해만,21,35°07´03˝,35.1175,128°36´02˝,128.600555555556,패류,2012,8,7,-,14,20.04,6.07,31.96,7.56,0.49,1.82,0.206,0.028,0.013,0.247,0.439,0.033,0.048,0.659,4.95,6.7,3.5
15028,진해만,22,35°10´26˝,35.1738888888889,128°35´13˝,128.586944444444,패류,2012,8,7,-,12,20.42,6.09,31.82,7.56,0.24,1.03,0.298,0.009,0.005,0.312,0.587,0.061,0.091,1.252,2.05,4.1,4
15029,진해만,23,35°11´57˝,35.1991666666667,128°35´08˝,128.585555555556,패류,2012,8,7,-,5,23.93,2.73,30.73,7.72,2.26,2.26,0.048,0.006,0.002,0.056,0.572,0.034,0.086,1.24,18.68,9.4,1
15033,진해만,27,35°05´27˝,35.0908333333333,128°31´44˝,128.528888888889,패류,2012,8,7,-,13,21.11,7.88,32.04,7.58,1.92,1.24,0.011,0.005,0.002,0.018,0.276,0.008,0.03,0.294,5.61,2.75,4
15034,진해만,28,35°05´00˝,35.0833333333333,128°29´00˝,128.483333333333,패류,2012,8,7,-,17,20.21,9.04,32.25,7.49,1.43,1.6,0.061,0.016,0.01,0.087,0.32,0.021,0.04,0.724,4.86,2.85,4.1
15035,진해만,29,35°03´33˝,35.0591666666667,128°30´52˝,128.514444444444,패류,2012,8,7,-,15,20.9,6.99,32.16,7.61,2.38,1.26,0.015,0.007,0.003,0.024,0.304,0.007,0.028,0.284,4.95,2.6,4.2
15036,진해만,30,35°02´35˝,35.0430555555556,128°29´15˝,128.4875,패류,2012,8,7,-,18,18.81,9.52,32.56,7.4,0.6,1.05,0.049,0.017,0.013,0.079,0.342,0.018,0.039,0.693,5.07,3.45,4.8
15037,진해만,31,35°01´55˝,35.0319444444444,128°31´53˝,128.531388888889,패류,2012,8,7,-,19,18.4,9.74,32.83,7.49,1.51,1.36,0.052,0.03,0.022,0.104,0.328,0.022,0.042,0.924,5.33,2.6,4.5
15038,진해만,32,34°59´16˝,34.9877777777778,128°29´57˝,128.499166666667,패류,2012,8,7,-,22,17.08,10.77,33.13,7.48,1.33,1.94,0.077,0.086,0.028,0.191,0.363,0.056,0.066,1.335,3.04,2.75,5.5
15039,진해만,33,34°58´03˝,34.9675,128°27´03˝,128.450833333333,패류,2012,8,7,-,18,19.57,9.88,32.66,7.41,0.69,1.55,0.032,0.041,0.023,0.096,0.352,0.028,0.048,0.965,9.85,2.6,5
15040,진해만,34,34°58´05˝,34.9680555555556,128°27´18˝,128.455,패류,2012,8,7,-,19,19.13,9.75,32.87,7.43,0.5,1.92,0.03,0.067,0.034,0.131,0.366,0.041,0.053,1.074,8.91,2.3,6
15041,진해만,35,34°56´40˝,34.9444444444444,128°27´09˝,128.4525,패류,2012,8,7,-,17,20.06,8.85,32.64,7.44,0.71,1.95,0.027,0.034,0.023,0.084,0.296,0.025,0.044,0.852,9.61,2.4,5.7
15042,진해만,36,34°54´03˝,34.9008333333333,128°26´00˝,128.433333333333,패류,2012,8,7,-,13,21.87,7.62,32.42,7.38,0.25,2.23,0.18,0.004,0.001,0.185,0.48,0.059,0.097,1.518,11.32,5.4,7
15065,가막만,1,34°43´38.79˝,34.7272222222222,127°40´4.21˝,127.667777777778,패류,2012,8,3,-,8.5,25.53,3.79,31.84,7.63,0.14,0.9,0.024,0.001,0.001,0.026,0.131,0.009,0.032,0.486,1.6,1.4,3.8
15066,가막만,2,34°42´56.59˝,34.7155555555556,127°39´9.91˝,127.6525,패류,2012,8,3,-,7.9,26.4,3.26,31.82,7.7,2.01,0.79,0.069,0.001,0.002,0.072,0.237,0.016,0.056,0.716,0.91,1.6,5.5
15276,진해만,39,34°56´00˝,34.9333333333333,128°33´03˝,128.550833333333,패류,2012,6,8,-,19,16.12,4.58,33.26,7.85,2.74,1.47,0.01,0.003,0,0.013,0,0.003,0,0.726,5.1,2.65,6.4
15277,진해만,40,34°57´26˝,34.9572222222222,128°33´48˝,128.563333333333,패류,2012,6,8,-,22,17.47,3.3,32.79,8.04,2.38,2.04,0.014,0.002,0,0.016,0,0.004,0,0.533,9.19,2.6,6
15278,진해만,41,34°59´20˝,34.9888888888889,128°36´18˝,128.605,패류,2012,6,8,-,18,15.31,5.13,34.05,7.83,2.54,1.37,0.03,0.008,0,0.037,0,0.008,0,1.003,2.35,3.35,6
15281,진해만,44,34°58´11˝,34.9697222222222,128°37´17˝,128.621388888889,패류,2012,6,8,-,17,15.4,5.39,34.38,7.79,2.03,1.91,0.032,0.007,0,0.038,0,0.008,0,1.001,1.56,1.8,5.4
15288,진해만,31,35°01´55˝,35.0319444444444,128°31´53˝,128.531388888889,패류,2012,6,7,-,21,15.09,6.56,33.12,7.87,1.25,0.55,0.082,0.015,0.008,0.105,0,0.022,0,1.376,3.22,3.25,5
15289,진해만,32,34°59´16˝,34.9877777777778,128°29´57˝,128.499166666667,패류,2012,6,7,-,23,13.83,7.67,32.99,7.77,1.45,0.63,0.083,0.019,0,0.103,0,0.021,0,1.811,0.86,2.8,7.2
15290,진해만,33,34°58´03˝,34.9675,128°27´03˝,128.450833333333,패류,2012,6,7,-,19,14.64,7.89,33.09,7.74,1.44,0.1,0.086,0.008,0.004,0.098,0,0.021,0,1.586,1.69,2.5,7
15291,진해만,34,34°58´05˝,34.9680555555556,128°27´18˝,128.455,패류,2012,6,7,-,19,14.69,6.9,32.78,7.76,2.14,1.21,0.022,0.006,0,0.028,0,0.008,0,1.157,2.56,3.45,7.8
15292,진해만,35,34°56´40˝,34.9444444444444,128°27´09˝,128.4525,패류,2012,6,7,-,17,16.04,5.45,33.22,7.99,1.94,1.31,0.006,0.003,0,0.009,0,0.003,0,0.776,5.32,3.3,7.8
15293,진해만,36,34°54´03˝,34.9008333333333,128°26´00˝,128.433333333333,패류,2012,6,7,-,12,17.31,5.95,33.26,7.93,0.92,1.52,0.006,0.003,0,0.008,0,0.002,0,0.727,9.72,3.95,7
15300,진해만,21,35°07´03˝,35.1175,128°36´02˝,128.600555555556,패류,2012,6,6,-,13,18.36,2.77,33.53,8.08,2.88,1.26,0.024,0.007,0,0.031,0,0.009,0,0.63,9.64,4.9,2.3
15301,진해만,22,35°10´26˝,35.1738888888889,128°35´13˝,128.586944444444,패류,2012,6,6,-,11,16.89,5.12,33.24,8.01,1.81,1.53,0.149,0.014,0.001,0.163,0,0.046,0,1.578,12.71,8.3,0.8
15846,표선,1,33°18´20˝,33.3055555555556,126°49´40˝,126.827777777778,마을어장,2011,12,7,-,4,18.1,0,33.64,0,0,0,0,0,0,0,0,0,0,0,0,0,4
16017,표선,1,33°18´20˝,33.3055555555556,126°49´40˝,126.827777777778,마을어장,2011,10,5,-,6,23.1,0.0999999999999979,33.55,0,0,0,0,0,0,0,0,0,0,0,0,0,4
16062,진해만,2,35°10´421˝,35.1783333333333,128°35´216˝,128.589166666667,패류,2011,8,12,-,12,20.31,6.89,30.4,7.26,2.48,1.88,0.464,0.036,0.01,0.511,0.52,0.086,0.089,1.306,5.16,4.6,1.1
16063,진해만,3,35°07´434˝,35.1286111111111,128°36´644˝,128.617777777778,패류,2011,8,12,-,14,18.24,8.52,31.98,7.23,2.53,1.65,0.228,0.118,0.027,0.373,0.516,0.08,0.086,1.507,0.49,5.6,1.5
16067,진해만,15,35°05´027˝,35.0838888888889,128°28´917˝,128.491944444444,패류,2011,8,12,-,12,17.82,11.58,32.4,6.71,1.53,2.43,0.279,0.024,0.008,0.312,0.482,0.08,0.096,1.708,0.53,2.62,2
16070,진해만,18,35°01´911˝,35.0419444444445,128°31´885˝,128.541111111111,패류,2011,8,12,-,18.1,16.27,10.69,32.96,6.83,2.7,1.07,0.137,0.169,0.025,0.331,0.454,0.067,0.071,1.558,0.37,1.65,6
16071,진해만,19,34°59´267˝,34.9905555555556,128°29´945˝,128.509444444444,패류,2011,8,12,-,23,16.19,9.75,33.12,7.19,2.54,1.39,0.107,0.153,0.023,0.283,0.482,0.062,0.066,1.573,0.3,1.2,6.5
16072,진해만,20,34°58´779˝,34.9880555555556,128°27´140˝,128.453888888889,패류,2011,8,12,-,18,17.13,9.06,32.68,7.24,1.04,1.47,0.173,0.084,0.022,0.279,0.44,0.079,0.087,1.821,0.3,0.7,6.5
16073,진해만,21,34°58´078˝,34.9686111111111,128°27´291˝,128.458055555556,패류,2011,8,12,-,19,16.95,8.72,32.77,7.14,1.7,1.39,0.147,0.168,0.025,0.341,0.51,0.074,0.078,1.804,0.33,1.15,5.5
16074,진해만,22,34°56´664˝,34.9516666666667,128°27´143˝,128.453888888889,패류,2011,8,12,-,18,16.95,7.87,32.8,6.96,1.42,1.33,0.18,0.12,0.02,0.321,0.478,0.075,0.082,1.784,0.59,1.1,6
16075,진해만,23,34°54´447˝,34.9122222222222,128°26´004˝,128.433333333333,패류,2011,8,12,-,12,18.28,6.67,31.97,7.21,1.86,2.17,0.197,0.054,0.029,0.279,0.442,0.056,0.073,1.383,2.88,1.65,3.5
16076,진해만,24,34°54´965˝,34.9266666666667,128°30´093˝,128.5025,패류,2011,8,12,-,14,18.08,7.93,32.27,7.08,2.53,2.15,0.115,0.11,0.024,0.249,0.475,0.061,0.07,1.253,2.18,1.5,5.5
16077,진해만,26,34°55´331˝,34.9258333333333,128°33´573˝,128.565833333333,패류,2011,8,12,-,19,16.58,9.88,33,6.61,0.91,1.59,0.172,0.076,0.01,0.257,0.354,0.072,0.081,1.943,0.52,1.25,4.3
16078,표선,1,33°18´20˝,33.3055555555556,126°49´40˝,126.827777777778,마을어장,2011,8,12,-,3.5,23.94,0.0199999999999996,31.11,0,0,0,0,0,0,0,0,0,0,0,0,0,3.5
16082,진해만,25,34°54´838˝,34.9230555555556,128°36´171˝,128.604722222222,패류,2011,8,11,-,15,18.84,5.88,31.8,7.19,2.73,2.06,0.053,0.175,0.032,0.26,0.424,0.035,0.042,1.018,0.89,0.95,3
16084,진해만,28,34°59´339˝,34.9925,128°36´295˝,128.608055555556,패류,2011,8,11,-,18,18.05,9.72,32.29,6.95,2.75,1.99,0.034,0.214,0.031,0.279,0.406,0.039,0.041,1.075,0.67,1.15,6
16085,진해만,29,35°01´217˝,35.0225,128°37´136˝,128.620277777778,패류,2011,8,11,-,19,16.69,10.11,32.83,6.95,2.28,2.48,0.117,0.178,0.022,0.317,0.45,0.061,0.065,1.541,0.35,1.55,6.8
16086,진해만,30,35°01´717˝,35.0363888888889,128°39´462˝,128.662777777778,패류,2011,8,11,-,15,19.17,8.07,31.59,6.78,2.69,1.96,0.03,0.199,0.042,0.271,0.348,0.031,0.04,1.019,0.63,1,6.5
16087,진해만,31,34°58´183˝,34.9716666666667,128°37´290˝,128.624722222222,패류,2011,8,11,-,15,18.62,8.29,31.98,7.25,2.77,1.38,0.035,0.192,0.027,0.254,0.413,0.027,0.029,0.961,0.67,1.75,6
16127,가막만,2,34°42´56.59˝,34.7155555555556,127°39´9.91˝,127.6525,패류,2011,8,6,-,9.3,23.09,4.57,31.65,7.46,0.07,1.02,0.221,0.005,0.002,0.229,0.624,0.062,0.095,1.632,0.06,8.8,3.9
16128,가막만,3,34°42´58.21˝,34.7161111111111,127°41´2.64˝,127.683888888889,패류,2011,8,6,-,9.3,23.57,3.06,31.33,7.64,0.09,1.17,0.007,0.003,0,0.01,0.17,0.002,0.033,0.268,1.34,18,0.9
16210,표선,1,33°18´20˝,33.3055555555556,126°49´40˝,126.827777777778,마을어장,2011,6,22,-,5,18.3,0.100000000000001,32.1,0,0,0,0,0,0,0,0,0,0,0,0,0,1
16252,진해만,19,34°59´267˝,34.9905555555556,128°29´945˝,128.509444444444,패류,2011,6,9,-,24,14.52,5.69,33.45,7.27,2.69,1.07,0.186,0.017,0.007,0.21,0.36,0.038,0.048,1.694,0.93,2.5,5.5
16518,표선,1,33°18´20˝,33.3055555555556,126°49´40˝,126.827777777778,마을어장,2011,2,25,-,9,14.8,0,34.35,0,0,0,0,0,0,0,0,0,0,0,0,0,0.5
16802,표선,1,33°18´20.19˝,33.3055555555556,126°49´39.68˝,126.8275,마을어장,2010,10,18,-,5,0,22.72,0,8.18,0,0,0,0,0,0,0,0,0,0,0,0,5
16806,진해만,12,34°58´37˝,34.9769444444445,128°30´05˝,128.501388888889,패류,2010,10,15,-,22,18.34,2.83,32.23,7.59,1.63,1.42,0.195,0.051,0.004,0.25,0.678,0.078,0.112,1.219,1.12,1.8,7.2
16807,진해만,13,34°57´59˝,34.9663888888889,128°33´50˝,128.563888888889,패류,2010,10,15,-,24,18.45,2.57,32.43,7.47,0.37,1.52,0.407,0.019,0.002,0.428,0.851,0.121,0.135,2.156,1.11,1.55,6.3
16816,진해만,7,34°58´56˝,34.9822222222222,128°27´13˝,128.453611111111,패류,2010,10,14,-,23,18.68,2.93,32.17,7.57,0.32,1.27,0.435,0.009,0,0.444,0.847,0.132,0.142,2.361,9.13,2,5
16817,진해만,8,35°56´41˝,35.9447222222222,128°26´38˝,128.443888888889,패류,2010,10,14,-,20,19.35,2.31,31.86,7.54,2.17,1.09,0.274,0.039,0.005,0.318,0.596,0.086,0.088,1.821,0.75,1.6,5.7
16819,진해만,10,34°54´19˝,34.9052777777778,128°29´07˝,128.485277777778,패류,2010,10,14,-,13,20.55,1.56,31.15,7.64,2.5,1.45,0.169,0.091,0.01,0.269,0.58,0.063,0.076,1.326,7.62,1.7,6.5
16821,진해만,14,34°59´21˝,34.9891666666667,128°36´42˝,128.611666666667,패류,2010,10,14,-,23,18.66,2.81,32.2,7.56,0.68,1.47,0.328,0.006,0.001,0.335,0.726,0.118,0.135,2.087,1.29,1.55,4.2
16929,진해만,12,34°58´37˝,34.9769444444445,128°30´05˝,128.501388888889,패류,2010,8,25,-,23,15.9,12.15,33.57,6.72,0.56,2.45,0.119,0.023,0.001,0.143,0.45,0.05,0.086,0.925,0.99,2.8,4
16930,진해만,13,34°57´59˝,34.9663888888889,128°33´50˝,128.563888888889,패류,2010,8,25,-,24,15.35,12.9,33.76,6.85,2.52,1.2,0.055,0.085,0.009,0.149,0.531,0.04,0.062,0.801,1.13,3.5,3
16931,진해만,14,34°59´21˝,34.9891666666667,128°36´42˝,128.611666666667,패류,2010,8,25,-,23,16.17,11.56,33.54,6.86,2.89,1.84,0.055,0.143,0.015,0.213,0.412,0.05,0.06,1.062,0.8,2.9,4.5
16933,진해만,16,35°01´16˝,35.0211111111111,128°39´37˝,128.660277777778,패류,2010,8,25,-,16,17.14,11.1,33.36,6.63,2.76,1.28,0.075,0.045,0.007,0.128,0.398,0.033,0.057,0.683,1.2,2.05,3.5
16936,진해만,3,35°02´13˝,35.0369444444444,128°32´54˝,128.548333333333,패류,2010,8,24,-,13,19.62,8.45,32.35,7.52,2.35,1.96,0.084,0.023,0.005,0.112,0.431,0.036,0.06,0.59,2.52,2.25,2.7
16938,진해만,5,35°04´24˝,35.0733333333333,128°30´41˝,128.511388888889,패류,2010,8,24,-,16,18.09,11.32,34.21,7.42,2.35,0.97,0.097,0.067,0.012,0.175,0.406,0.058,0.071,1.196,2.64,2.3,3
16941,진해만,8,35°56´41˝,35.9447222222222,128°26´38˝,128.443888888889,패류,2010,8,24,-,20,16.44,11.92,33.42,7.24,1.4,1.22,0.16,0.028,0.001,0.189,0.453,0.062,0.098,1.069,0.85,2.65,3
16942,진해만,9,34°54´27˝,34.9075,128°26´05˝,128.434722222222,패류,2010,8,24,-,17,16.93,11.67,33.29,7.06,1.55,1.69,0.173,0.004,0,0.178,0.436,0.049,0.093,0.932,2.16,1.95,3
16945,표선,1,33°18´20.19˝,33.3055555555556,126°49´39.68˝,126.8275,마을어장,2010,8,24,-,2,0,23.02,0,0,0,0,0,0,0,0,0,0,0,0,0,0,2
16990,천수만,1,36°36´53.86˝,36.6147222222222,126°22´14.54˝,126.370555555556,패류,2010,8,9,-,17,26.08,2.24,29.71,7.73,2.46,1.06,0.225,0.005,0.005,0.235,0.251,0.072,0.081,0.954,1.75,15,1.5
17019,가막만,2,34°42´56.59˝,34.7155555555556,127°39´9.91˝,127.6525,패류,2010,8,4,-,10.3,22.91,6.19,32.24,7.88,2.64,1.97,0.024,0.005,0.002,2.157,0.165,0.009,0.027,0.62,2.65,4.2,4
17022,가막만,5,34°42´51.83˝,34.7141666666667,127°44´19.69˝,127.738611111111,패류,2010,8,4,-,9.8,22.93,2.07,31.65,7.88,3,0.98,0.028,0.03,0.006,4.59,0.15,0.005,0.019,0.461,4.99,5,2
17026,가막만,9,34°41´21.37˝,34.6891666666667,127°39´9.31˝,127.6525,패류,2010,8,4,-,8.1,23.5,5.11,32.17,7.7,1.54,1.07,0.002,0,0,0.164,0.12,0.012,0.03,0.553,3.54,6.8,4.3
17066,표선,1,33°18´20.19˝,33.3055555555556,126°49´39.68˝,126.8275,마을어장,2010,6,22,-,2,0,19.05,0,0,0,0,0,0,0,0,0,0,0,0,0,0,2
17271,표선,1,33°18´20.19˝,33.3055555555556,126°49´39.68˝,126.8275,마을어장,2010,4,6,-,2,0,14.52,0,0,0,0,0,0,0,0,0,0,0,0,0,0,2
17568,가막만,3,34°20´16˝,34.3377777777778,126°45´14˝,126.753888888889,패류,2009,8,5,-,9.2,21.98,3.35,31.36,7.43,1.16,0.77,0.011,0.026,0,0.037,0.876,0.013,0.025,0.093,2.1,16,5.5
17848,완도,2,34°34´21˝,34.5725,127°43´46˝,127.729444444444,해조류,2009,5,13,-,6.9,14.31,1.14,33.31,8.06,0,0.67,0.002,0.016,0.023,0.04,0.831,0.006,0.031,0.213,2.24,31,1.3
17849,완도,3,34°34´25˝,34.5736111111111,127°41´14˝,127.687222222222,해조류,2009,5,13,-,16,14.01,0.0899999999999999,33.27,8.07,0,0.43,0.001,0.009,0.043,0.053,0.912,0.005,0.027,0.2,1.7,19,1.5
